Congestion,d,c_H,alpha_M,Baseline pure BNE,CCAR pure BNE,Baseline BNE count,CCAR BNE count,No effect on equilibrium set,Robust welfare improvement,Excessive disclosure by stated diagnostic,Any CCAR gap exceeds worst baseline gap,Multiple CCAR pure BNE,No CCAR pure BNE,Baseline welfare min,Baseline welfare max,CCAR welfare min,CCAR welfare max,Full-information first-best welfare
Medium,0.6,1.1,0.1,"A('P', 'M')|B('P', 'P');A('P', 'P')|B('P', 'M')","A('P', 'P')|B('P', 'P')",2,1,False,True,False,False,False,False,3.0651545460216587,3.065154546021659,3.589085029457019,3.589085029457019,3.5890850294570185
Medium,0.6,1.1,0.15,"A('P', 'M')|B('P', 'P');A('P', 'P')|B('P', 'M')","A('P', 'P')|B('P', 'P')",2,1,False,True,False,False,False,False,3.0651545460216587,3.065154546021659,3.589085029457019,3.589085029457019,3.5890850294570185
Medium,0.6,1.1,0.2,"A('P', 'M')|B('P', 'P');A('P', 'P')|B('P', 'M')","A('P', 'P')|B('P', 'P')",2,1,False,True,False,False,False,False,3.0651545460216587,3.065154546021659,3.589085029457019,3.589085029457019,3.5890850294570185
Medium,0.6,1.1,0.25,"A('P', 'M')|B('P', 'P');A('P', 'P')|B('P', 'M')","A('P', 'P')|B('P', 'P')",2,1,False,True,False,False,False,False,3.0651545460216587,3.065154546021659,3.589085029457019,3.589085029457019,3.5890850294570185
Medium,0.6,1.1,0.3,"A('P', 'M')|B('P', 'P');A('P', 'P')|B('P', 'M')","A('P', 'P')|B('P', 'P')",2,1,False,True,False,False,False,False,3.0651545460216587,3.065154546021659,3.589085029457019,3.589085029457019,3.5890850294570185
Medium,0.6,1.1,0.35,"A('P', 'M')|B('P', 'P');A('P', 'P')|B('P', 'M')","A('P', 'P')|B('P', 'P')",2,1,False,True,False,False,False,False,3.0651545460216587,3.065154546021659,3.589085029457019,3.589085029457019,3.5890850294570185
Medium,0.6,1.1,0.4,"A('P', 'M')|B('P', 'P');A('P', 'P')|B('P', 'M')","A('P', 'P')|B('P', 'P')",2,1,False,True,False,False,False,False,3.0651545460216587,3.065154546021659,3.589085029457019,3.589085029457019,3.5890850294570185
Medium,0.6,1.1,0.45,"A('P', 'M')|B('P', 'P');A('P', 'P')|B('P', 'M')","A('P', 'P')|B('P', 'P')",2,1,False,True,False,False,False,False,3.0651545460216587,3.065154546021659,3.589085029457019,3.589085029457019,3.5890850294570185
Medium,0.6,1.1,0.5,"A('P', 'M')|B('P', 'P');A('P', 'P')|B('P', 'M')","A('P', 'P')|B('P', 'P')",2,1,False,True,False,False,False,False,3.0651545460216587,3.065154546021659,3.589085029457019,3.589085029457019,3.5890850294570185
Medium,0.6,1.1,0.55,"A('P', 'M')|B('P', 'P');A('P', 'P')|B('P', 'M')","A('P', 'P')|B('P', 'P')",2,1,False,True,False,False,False,False,3.0651545460216587,3.065154546021659,3.589085029457019,3.589085029457019,3.5890850294570185
Medium,0.6,1.1,0.6,"A('P', 'M')|B('P', 'P');A('P', 'P')|B('P', 'M')","A('P', 'P')|B('P', 'P')",2,1,False,True,False,False,False,False,3.0651545460216587,3.065154546021659,3.589085029457019,3.589085029457019,3.5890850294570185
Medium,0.6,1.1,0.65,"A('P', 'M')|B('P', 'P');A('P', 'P')|B('P', 'M')","A('P', 'P')|B('P', 'P')",2,1,False,True,False,False,False,False,3.0651545460216587,3.065154546021659,3.589085029457019,3.589085029457019,3.5890850294570185
Medium,0.6,1.1,0.7,"A('P', 'M')|B('P', 'P');A('P', 'P')|B('P', 'M')","A('P', 'P')|B('P', 'P')",2,1,False,True,False,False,False,False,3.0651545460216587,3.065154546021659,3.589085029457019,3.589085029457019,3.5890850294570185
Medium,0.6,1.1,0.75,"A('P', 'M')|B('P', 'P');A('P', 'P')|B('P', 'M')","A('P', 'P')|B('P', 'P')",2,1,False,True,False,False,False,False,3.0651545460216587,3.065154546021659,3.589085029457019,3.589085029457019,3.5890850294570185
Medium,0.6,1.1,0.8,"A('P', 'M')|B('P', 'P');A('P', 'P')|B('P', 'M')","A('P', 'P')|B('P', 'P')",2,1,False,True,False,False,False,False,3.0651545460216587,3.065154546021659,3.589085029457019,3.589085029457019,3.5890850294570185
Medium,0.6,1.1,0.85,"A('P', 'M')|B('P', 'P');A('P', 'P')|B('P', 'M')","A('P', 'P')|B('P', 'P')",2,1,False,True,False,False,False,False,3.0651545460216587,3.065154546021659,3.589085029457019,3.589085029457019,3.5890850294570185
Medium,0.6,1.1,0.9,"A('P', 'M')|B('P', 'P');A('P', 'P')|B('P', 'M')","A('P', 'P')|B('P', 'P')",2,1,False,True,False,False,False,False,3.0651545460216587,3.065154546021659,3.589085029457019,3.589085029457019,3.5890850294570185
Medium,0.6,1.1,0.95,"A('P', 'M')|B('P', 'P');A('P', 'P')|B('P', 'M')","A('P', 'P')|B('P', 'P')",2,1,False,True,False,False,False,False,3.0651545460216587,3.065154546021659,3.589085029457019,3.589085029457019,3.5890850294570185
Medium,0.6,1.1,1.0,"A('P', 'M')|B('P', 'P');A('P', 'P')|B('P', 'M')","A('P', 'M')|B('P', 'P');A('P', 'P')|B('P', 'M')",2,2,True,False,False,False,True,False,3.0651545460216587,3.065154546021659,3.0651545460216587,3.065154546021659,3.5890850294570185
Medium,0.6,1.2,0.1,"A('P', 'M')|B('P', 'P');A('P', 'P')|B('P', 'M')","A('P', 'P')|B('P', 'P')",2,1,False,True,False,False,False,False,3.015154546021659,3.015154546021659,3.4890850294570184,3.4890850294570184,3.4890850294570184
Medium,0.6,1.2,0.15,"A('P', 'M')|B('P', 'P');A('P', 'P')|B('P', 'M')","A('P', 'P')|B('P', 'P')",2,1,False,True,False,False,False,False,3.015154546021659,3.015154546021659,3.4890850294570184,3.4890850294570184,3.4890850294570184
Medium,0.6,1.2,0.2,"A('P', 'M')|B('P', 'P');A('P', 'P')|B('P', 'M')","A('P', 'P')|B('P', 'P')",2,1,False,True,False,False,False,False,3.015154546021659,3.015154546021659,3.4890850294570184,3.4890850294570184,3.4890850294570184
Medium,0.6,1.2,0.25,"A('P', 'M')|B('P', 'P');A('P', 'P')|B('P', 'M')","A('P', 'P')|B('P', 'P')",2,1,False,True,False,False,False,False,3.015154546021659,3.015154546021659,3.4890850294570184,3.4890850294570184,3.4890850294570184
Medium,0.6,1.2,0.3,"A('P', 'M')|B('P', 'P');A('P', 'P')|B('P', 'M')","A('P', 'P')|B('P', 'P')",2,1,False,True,False,False,False,False,3.015154546021659,3.015154546021659,3.4890850294570184,3.4890850294570184,3.4890850294570184
Medium,0.6,1.2,0.35,"A('P', 'M')|B('P', 'P');A('P', 'P')|B('P', 'M')","A('P', 'P')|B('P', 'P')",2,1,False,True,False,False,False,False,3.015154546021659,3.015154546021659,3.4890850294570184,3.4890850294570184,3.4890850294570184
Medium,0.6,1.2,0.4,"A('P', 'M')|B('P', 'P');A('P', 'P')|B('P', 'M')","A('P', 'P')|B('P', 'P')",2,1,False,True,False,False,False,False,3.015154546021659,3.015154546021659,3.4890850294570184,3.4890850294570184,3.4890850294570184
Medium,0.6,1.2,0.45,"A('P', 'M')|B('P', 'P');A('P', 'P')|B('P', 'M')","A('P', 'P')|B('P', 'P')",2,1,False,True,False,False,False,False,3.015154546021659,3.015154546021659,3.4890850294570184,3.4890850294570184,3.4890850294570184
Medium,0.6,1.2,0.5,"A('P', 'M')|B('P', 'P');A('P', 'P')|B('P', 'M')","A('P', 'P')|B('P', 'P')",2,1,False,True,False,False,False,False,3.015154546021659,3.015154546021659,3.4890850294570184,3.4890850294570184,3.4890850294570184
Medium,0.6,1.2,0.55,"A('P', 'M')|B('P', 'P');A('P', 'P')|B('P', 'M')","A('P', 'P')|B('P', 'P')",2,1,False,True,False,False,False,False,3.015154546021659,3.015154546021659,3.4890850294570184,3.4890850294570184,3.4890850294570184
Medium,0.6,1.2,0.6,"A('P', 'M')|B('P', 'P');A('P', 'P')|B('P', 'M')","A('P', 'P')|B('P', 'P')",2,1,False,True,False,False,False,False,3.015154546021659,3.015154546021659,3.4890850294570184,3.4890850294570184,3.4890850294570184
Medium,0.6,1.2,0.65,"A('P', 'M')|B('P', 'P');A('P', 'P')|B('P', 'M')","A('P', 'P')|B('P', 'P')",2,1,False,True,False,False,False,False,3.015154546021659,3.015154546021659,3.4890850294570184,3.4890850294570184,3.4890850294570184
Medium,0.6,1.2,0.7,"A('P', 'M')|B('P', 'P');A('P', 'P')|B('P', 'M')","A('P', 'P')|B('P', 'P')",2,1,False,True,False,False,False,False,3.015154546021659,3.015154546021659,3.4890850294570184,3.4890850294570184,3.4890850294570184
Medium,0.6,1.2,0.75,"A('P', 'M')|B('P', 'P');A('P', 'P')|B('P', 'M')","A('P', 'P')|B('P', 'P')",2,1,False,True,False,False,False,False,3.015154546021659,3.015154546021659,3.4890850294570184,3.4890850294570184,3.4890850294570184
Medium,0.6,1.2,0.8,"A('P', 'M')|B('P', 'P');A('P', 'P')|B('P', 'M')","A('P', 'P')|B('P', 'P')",2,1,False,True,False,False,False,False,3.015154546021659,3.015154546021659,3.4890850294570184,3.4890850294570184,3.4890850294570184
Medium,0.6,1.2,0.85,"A('P', 'M')|B('P', 'P');A('P', 'P')|B('P', 'M')","A('P', 'P')|B('P', 'P')",2,1,False,True,False,False,False,False,3.015154546021659,3.015154546021659,3.4890850294570184,3.4890850294570184,3.4890850294570184
Medium,0.6,1.2,0.9,"A('P', 'M')|B('P', 'P');A('P', 'P')|B('P', 'M')","A('P', 'P')|B('P', 'P')",2,1,False,True,False,False,False,False,3.015154546021659,3.015154546021659,3.4890850294570184,3.4890850294570184,3.4890850294570184
Medium,0.6,1.2,0.95,"A('P', 'M')|B('P', 'P');A('P', 'P')|B('P', 'M')","A('P', 'M')|B('P', 'P');A('P', 'P')|B('P', 'M')",2,2,True,False,False,False,True,False,3.015154546021659,3.015154546021659,3.015154546021659,3.015154546021659,3.4890850294570184
Medium,0.6,1.2,1.0,"A('P', 'M')|B('P', 'P');A('P', 'P')|B('P', 'M')","A('P', 'M')|B('P', 'P');A('P', 'P')|B('P', 'M')",2,2,True,False,False,False,True,False,3.015154546021659,3.015154546021659,3.015154546021659,3.015154546021659,3.4890850294570184
Medium,0.6,1.3,0.1,"A('P', 'M')|B('P', 'P');A('P', 'P')|B('P', 'M')","A('P', 'P')|B('P', 'P')",2,1,False,True,False,False,False,False,2.965154546021659,2.965154546021659,3.3890850294570187,3.3890850294570187,3.3890850294570187
Medium,0.6,1.3,0.15,"A('P', 'M')|B('P', 'P');A('P', 'P')|B('P', 'M')","A('P', 'P')|B('P', 'P')",2,1,False,True,False,False,False,False,2.965154546021659,2.965154546021659,3.3890850294570187,3.3890850294570187,3.3890850294570187
Medium,0.6,1.3,0.2,"A('P', 'M')|B('P', 'P');A('P', 'P')|B('P', 'M')","A('P', 'P')|B('P', 'P')",2,1,False,True,False,False,False,False,2.965154546021659,2.965154546021659,3.3890850294570187,3.3890850294570187,3.3890850294570187
Medium,0.6,1.3,0.25,"A('P', 'M')|B('P', 'P');A('P', 'P')|B('P', 'M')","A('P', 'P')|B('P', 'P')",2,1,False,True,False,False,False,False,2.965154546021659,2.965154546021659,3.3890850294570187,3.3890850294570187,3.3890850294570187
Medium,0.6,1.3,0.3,"A('P', 'M')|B('P', 'P');A('P', 'P')|B('P', 'M')","A('P', 'P')|B('P', 'P')",2,1,False,True,False,False,False,False,2.965154546021659,2.965154546021659,3.3890850294570187,3.3890850294570187,3.3890850294570187
Medium,0.6,1.3,0.35,"A('P', 'M')|B('P', 'P');A('P', 'P')|B('P', 'M')","A('P', 'P')|B('P', 'P')",2,1,False,True,False,False,False,False,2.965154546021659,2.965154546021659,3.3890850294570187,3.3890850294570187,3.3890850294570187
Medium,0.6,1.3,0.4,"A('P', 'M')|B('P', 'P');A('P', 'P')|B('P', 'M')","A('P', 'P')|B('P', 'P')",2,1,False,True,False,False,False,False,2.965154546021659,2.965154546021659,3.3890850294570187,3.3890850294570187,3.3890850294570187
Medium,0.6,1.3,0.45,"A('P', 'M')|B('P', 'P');A('P', 'P')|B('P', 'M')","A('P', 'P')|B('P', 'P')",2,1,False,True,False,False,False,False,2.965154546021659,2.965154546021659,3.3890850294570187,3.3890850294570187,3.3890850294570187
Medium,0.6,1.3,0.5,"A('P', 'M')|B('P', 'P');A('P', 'P')|B('P', 'M')","A('P', 'P')|B('P', 'P')",2,1,False,True,False,False,False,False,2.965154546021659,2.965154546021659,3.3890850294570187,3.3890850294570187,3.3890850294570187
Medium,0.6,1.3,0.55,"A('P', 'M')|B('P', 'P');A('P', 'P')|B('P', 'M')","A('P', 'P')|B('P', 'P')",2,1,False,True,False,False,False,False,2.965154546021659,2.965154546021659,3.3890850294570187,3.3890850294570187,3.3890850294570187
Medium,0.6,1.3,0.6,"A('P', 'M')|B('P', 'P');A('P', 'P')|B('P', 'M')","A('P', 'P')|B('P', 'P')",2,1,False,True,False,False,False,False,2.965154546021659,2.965154546021659,3.3890850294570187,3.3890850294570187,3.3890850294570187
Medium,0.6,1.3,0.65,"A('P', 'M')|B('P', 'P');A('P', 'P')|B('P', 'M')","A('P', 'P')|B('P', 'P')",2,1,False,True,False,False,False,False,2.965154546021659,2.965154546021659,3.3890850294570187,3.3890850294570187,3.3890850294570187
Medium,0.6,1.3,0.7,"A('P', 'M')|B('P', 'P');A('P', 'P')|B('P', 'M')","A('P', 'P')|B('P', 'P')",2,1,False,True,False,False,False,False,2.965154546021659,2.965154546021659,3.3890850294570187,3.3890850294570187,3.3890850294570187
Medium,0.6,1.3,0.75,"A('P', 'M')|B('P', 'P');A('P', 'P')|B('P', 'M')","A('P', 'P')|B('P', 'P')",2,1,False,True,False,False,False,False,2.965154546021659,2.965154546021659,3.3890850294570187,3.3890850294570187,3.3890850294570187
Medium,0.6,1.3,0.8,"A('P', 'M')|B('P', 'P');A('P', 'P')|B('P', 'M')","A('P', 'P')|B('P', 'P')",2,1,False,True,False,False,False,False,2.965154546021659,2.965154546021659,3.3890850294570187,3.3890850294570187,3.3890850294570187
Medium,0.6,1.3,0.85,"A('P', 'M')|B('P', 'P');A('P', 'P')|B('P', 'M')","A('P', 'P')|B('P', 'P')",2,1,False,True,False,False,False,False,2.965154546021659,2.965154546021659,3.3890850294570187,3.3890850294570187,3.3890850294570187
Medium,0.6,1.3,0.9,"A('P', 'M')|B('P', 'P');A('P', 'P')|B('P', 'M')","A('P', 'M')|B('P', 'P');A('P', 'P')|B('P', 'M')",2,2,True,False,False,False,True,False,2.965154546021659,2.965154546021659,2.965154546021659,2.965154546021659,3.3890850294570187
Medium,0.6,1.3,0.95,"A('P', 'M')|B('P', 'P');A('P', 'P')|B('P', 'M')","A('P', 'M')|B('P', 'P');A('P', 'P')|B('P', 'M')",2,2,True,False,False,False,True,False,2.965154546021659,2.965154546021659,2.965154546021659,2.965154546021659,3.3890850294570187
Medium,0.6,1.3,1.0,"A('P', 'M')|B('P', 'P');A('P', 'P')|B('P', 'M')","A('P', 'M')|B('P', 'P');A('P', 'P')|B('P', 'M')",2,2,True,False,False,False,True,False,2.965154546021659,2.965154546021659,2.965154546021659,2.965154546021659,3.3890850294570187
Medium,0.6,1.4,0.1,"A('P', 'M')|B('P', 'P');A('P', 'P')|B('P', 'M')","A('P', 'P')|B('P', 'P')",2,1,False,True,False,False,False,False,2.9151545460216592,2.9151545460216592,3.289085029457018,3.289085029457018,3.2890850294570186
Medium,0.6,1.4,0.15,"A('P', 'M')|B('P', 'P');A('P', 'P')|B('P', 'M')","A('P', 'P')|B('P', 'P')",2,1,False,True,False,False,False,False,2.9151545460216592,2.9151545460216592,3.289085029457018,3.289085029457018,3.2890850294570186
Medium,0.6,1.4,0.2,"A('P', 'M')|B('P', 'P');A('P', 'P')|B('P', 'M')","A('P', 'P')|B('P', 'P')",2,1,False,True,False,False,False,False,2.9151545460216592,2.9151545460216592,3.289085029457018,3.289085029457018,3.2890850294570186
Medium,0.6,1.4,0.25,"A('P', 'M')|B('P', 'P');A('P', 'P')|B('P', 'M')","A('P', 'P')|B('P', 'P')",2,1,False,True,False,False,False,False,2.9151545460216592,2.9151545460216592,3.289085029457018,3.289085029457018,3.2890850294570186
Medium,0.6,1.4,0.3,"A('P', 'M')|B('P', 'P');A('P', 'P')|B('P', 'M')","A('P', 'P')|B('P', 'P')",2,1,False,True,False,False,False,False,2.9151545460216592,2.9151545460216592,3.289085029457018,3.289085029457018,3.2890850294570186
Medium,0.6,1.4,0.35,"A('P', 'M')|B('P', 'P');A('P', 'P')|B('P', 'M')","A('P', 'P')|B('P', 'P')",2,1,False,True,False,False,False,False,2.9151545460216592,2.9151545460216592,3.289085029457018,3.289085029457018,3.2890850294570186
Medium,0.6,1.4,0.4,"A('P', 'M')|B('P', 'P');A('P', 'P')|B('P', 'M')","A('P', 'P')|B('P', 'P')",2,1,False,True,False,False,False,False,2.9151545460216592,2.9151545460216592,3.289085029457018,3.289085029457018,3.2890850294570186
Medium,0.6,1.4,0.45,"A('P', 'M')|B('P', 'P');A('P', 'P')|B('P', 'M')","A('P', 'P')|B('P', 'P')",2,1,False,True,False,False,False,False,2.9151545460216592,2.9151545460216592,3.289085029457018,3.289085029457018,3.2890850294570186
Medium,0.6,1.4,0.5,"A('P', 'M')|B('P', 'P');A('P', 'P')|B('P', 'M')","A('P', 'P')|B('P', 'P')",2,1,False,True,False,False,False,False,2.9151545460216592,2.9151545460216592,3.289085029457018,3.289085029457018,3.2890850294570186
Medium,0.6,1.4,0.55,"A('P', 'M')|B('P', 'P');A('P', 'P')|B('P', 'M')","A('P', 'P')|B('P', 'P')",2,1,False,True,False,False,False,False,2.9151545460216592,2.9151545460216592,3.289085029457018,3.289085029457018,3.2890850294570186
Medium,0.6,1.4,0.6,"A('P', 'M')|B('P', 'P');A('P', 'P')|B('P', 'M')","A('P', 'P')|B('P', 'P')",2,1,False,True,False,False,False,False,2.9151545460216592,2.9151545460216592,3.289085029457018,3.289085029457018,3.2890850294570186
Medium,0.6,1.4,0.65,"A('P', 'M')|B('P', 'P');A('P', 'P')|B('P', 'M')","A('P', 'P')|B('P', 'P')",2,1,False,True,False,False,False,False,2.9151545460216592,2.9151545460216592,3.289085029457018,3.289085029457018,3.2890850294570186
Medium,0.6,1.4,0.7,"A('P', 'M')|B('P', 'P');A('P', 'P')|B('P', 'M')","A('P', 'P')|B('P', 'P')",2,1,False,True,False,False,False,False,2.9151545460216592,2.9151545460216592,3.289085029457018,3.289085029457018,3.2890850294570186
Medium,0.6,1.4,0.75,"A('P', 'M')|B('P', 'P');A('P', 'P')|B('P', 'M')","A('P', 'P')|B('P', 'P')",2,1,False,True,False,False,False,False,2.9151545460216592,2.9151545460216592,3.289085029457018,3.289085029457018,3.2890850294570186
Medium,0.6,1.4,0.8,"A('P', 'M')|B('P', 'P');A('P', 'P')|B('P', 'M')","A('P', 'P')|B('P', 'P')",2,1,False,True,False,False,False,False,2.9151545460216592,2.9151545460216592,3.289085029457018,3.289085029457018,3.2890850294570186
Medium,0.6,1.4,0.85,"A('P', 'M')|B('P', 'P');A('P', 'P')|B('P', 'M')","A('P', 'M')|B('P', 'P');A('P', 'P')|B('P', 'M')",2,2,True,False,False,False,True,False,2.9151545460216592,2.9151545460216592,2.9151545460216592,2.9151545460216592,3.2890850294570186
Medium,0.6,1.4,0.9,"A('P', 'M')|B('P', 'P');A('P', 'P')|B('P', 'M')","A('P', 'M')|B('P', 'P');A('P', 'P')|B('P', 'M')",2,2,True,False,False,False,True,False,2.9151545460216592,2.9151545460216592,2.9151545460216592,2.9151545460216592,3.2890850294570186
Medium,0.6,1.4,0.95,"A('P', 'M')|B('P', 'P');A('P', 'P')|B('P', 'M')","A('P', 'M')|B('P', 'P');A('P', 'P')|B('P', 'M')",2,2,True,False,False,False,True,False,2.9151545460216592,2.9151545460216592,2.9151545460216592,2.9151545460216592,3.2890850294570186
Medium,0.6,1.4,1.0,"A('P', 'M')|B('P', 'P');A('P', 'P')|B('P', 'M')","A('P', 'M')|B('P', 'P');A('P', 'P')|B('P', 'M')",2,2,True,False,False,False,True,False,2.9151545460216592,2.9151545460216592,2.9151545460216592,2.9151545460216592,3.2890850294570186
Medium,0.6,1.5,0.1,"A('P', 'M')|B('P', 'M')","A('P', 'P')|B('P', 'P')",1,1,False,True,False,False,False,False,2.1928832886574043,2.1928832886574043,3.1890850294570185,3.1890850294570185,3.1890850294570185
Medium,0.6,1.5,0.15,"A('P', 'M')|B('P', 'M')","A('P', 'P')|B('P', 'P')",1,1,False,True,False,False,False,False,2.1928832886574043,2.1928832886574043,3.1890850294570185,3.1890850294570185,3.1890850294570185
Medium,0.6,1.5,0.2,"A('P', 'M')|B('P', 'M')","A('P', 'P')|B('P', 'P')",1,1,False,True,False,False,False,False,2.1928832886574043,2.1928832886574043,3.1890850294570185,3.1890850294570185,3.1890850294570185
Medium,0.6,1.5,0.25,"A('P', 'M')|B('P', 'M')","A('P', 'P')|B('P', 'P')",1,1,False,True,False,False,False,False,2.1928832886574043,2.1928832886574043,3.1890850294570185,3.1890850294570185,3.1890850294570185
Medium,0.6,1.5,0.3,"A('P', 'M')|B('P', 'M')","A('P', 'P')|B('P', 'P')",1,1,False,True,False,False,False,False,2.1928832886574043,2.1928832886574043,3.1890850294570185,3.1890850294570185,3.1890850294570185
Medium,0.6,1.5,0.35,"A('P', 'M')|B('P', 'M')","A('P', 'P')|B('P', 'P')",1,1,False,True,False,False,False,False,2.1928832886574043,2.1928832886574043,3.1890850294570185,3.1890850294570185,3.1890850294570185
Medium,0.6,1.5,0.4,"A('P', 'M')|B('P', 'M')","A('P', 'P')|B('P', 'P')",1,1,False,True,False,False,False,False,2.1928832886574043,2.1928832886574043,3.1890850294570185,3.1890850294570185,3.1890850294570185
Medium,0.6,1.5,0.45,"A('P', 'M')|B('P', 'M')","A('P', 'P')|B('P', 'P')",1,1,False,True,False,False,False,False,2.1928832886574043,2.1928832886574043,3.1890850294570185,3.1890850294570185,3.1890850294570185
Medium,0.6,1.5,0.5,"A('P', 'M')|B('P', 'M')","A('P', 'P')|B('P', 'P')",1,1,False,True,False,False,False,False,2.1928832886574043,2.1928832886574043,3.1890850294570185,3.1890850294570185,3.1890850294570185
Medium,0.6,1.5,0.55,"A('P', 'M')|B('P', 'M')","A('P', 'P')|B('P', 'P')",1,1,False,True,False,False,False,False,2.1928832886574043,2.1928832886574043,3.1890850294570185,3.1890850294570185,3.1890850294570185
Medium,0.6,1.5,0.6,"A('P', 'M')|B('P', 'M')","A('P', 'P')|B('P', 'P')",1,1,False,True,False,False,False,False,2.1928832886574043,2.1928832886574043,3.1890850294570185,3.1890850294570185,3.1890850294570185
Medium,0.6,1.5,0.65,"A('P', 'M')|B('P', 'M')","A('P', 'P')|B('P', 'P')",1,1,False,True,False,False,False,False,2.1928832886574043,2.1928832886574043,3.1890850294570185,3.1890850294570185,3.1890850294570185
Medium,0.6,1.5,0.7,"A('P', 'M')|B('P', 'M')","A('P', 'P')|B('P', 'P')",1,1,False,True,False,False,False,False,2.1928832886574043,2.1928832886574043,3.1890850294570185,3.1890850294570185,3.1890850294570185
Medium,0.6,1.5,0.75,"A('P', 'M')|B('P', 'M')","A('P', 'P')|B('P', 'P')",1,1,False,True,False,False,False,False,2.1928832886574043,2.1928832886574043,3.1890850294570185,3.1890850294570185,3.1890850294570185
Medium,0.6,1.5,0.8,"A('P', 'M')|B('P', 'M')","A('P', 'M')|B('P', 'P');A('P', 'P')|B('P', 'M')",1,2,False,True,False,False,True,False,2.1928832886574043,2.1928832886574043,2.8651545460216585,2.8651545460216585,3.1890850294570185
Medium,0.6,1.5,0.85,"A('P', 'M')|B('P', 'M')","A('P', 'M')|B('P', 'P');A('P', 'P')|B('P', 'M')",1,2,False,True,False,False,True,False,2.1928832886574043,2.1928832886574043,2.8651545460216585,2.8651545460216585,3.1890850294570185
Medium,0.6,1.5,0.9,"A('P', 'M')|B('P', 'M')","A('P', 'M')|B('P', 'P');A('P', 'P')|B('P', 'M')",1,2,False,True,False,False,True,False,2.1928832886574043,2.1928832886574043,2.8651545460216585,2.8651545460216585,3.1890850294570185
Medium,0.6,1.5,0.95,"A('P', 'M')|B('P', 'M')","A('P', 'M')|B('P', 'M')",1,1,True,False,False,False,False,False,2.1928832886574043,2.1928832886574043,2.1928832886574043,2.1928832886574043,3.1890850294570185
Medium,0.6,1.5,1.0,"A('P', 'M')|B('P', 'M')","A('P', 'M')|B('P', 'M')",1,1,True,False,False,False,False,False,2.1928832886574043,2.1928832886574043,2.1928832886574043,2.1928832886574043,3.1890850294570185
Medium,0.6,1.6,0.1,"A('P', 'M')|B('P', 'M')","A('P', 'P')|B('P', 'P')",1,1,False,True,False,False,False,False,2.1928832886574043,2.1928832886574043,3.089085029457019,3.089085029457019,3.1390850294570187
Medium,0.6,1.6,0.15,"A('P', 'M')|B('P', 'M')","A('P', 'P')|B('P', 'P')",1,1,False,True,False,False,False,False,2.1928832886574043,2.1928832886574043,3.089085029457019,3.089085029457019,3.1390850294570187
Medium,0.6,1.6,0.2,"A('P', 'M')|B('P', 'M')","A('P', 'P')|B('P', 'P')",1,1,False,True,False,False,False,False,2.1928832886574043,2.1928832886574043,3.089085029457019,3.089085029457019,3.1390850294570187
Medium,0.6,1.6,0.25,"A('P', 'M')|B('P', 'M')","A('P', 'P')|B('P', 'P')",1,1,False,True,False,False,False,False,2.1928832886574043,2.1928832886574043,3.089085029457019,3.089085029457019,3.1390850294570187
Medium,0.6,1.6,0.3,"A('P', 'M')|B('P', 'M')","A('P', 'P')|B('P', 'P')",1,1,False,True,False,False,False,False,2.1928832886574043,2.1928832886574043,3.089085029457019,3.089085029457019,3.1390850294570187
Medium,0.6,1.6,0.35,"A('P', 'M')|B('P', 'M')","A('P', 'P')|B('P', 'P')",1,1,False,True,False,False,False,False,2.1928832886574043,2.1928832886574043,3.089085029457019,3.089085029457019,3.1390850294570187
Medium,0.6,1.6,0.4,"A('P', 'M')|B('P', 'M')","A('P', 'P')|B('P', 'P')",1,1,False,True,False,False,False,False,2.1928832886574043,2.1928832886574043,3.089085029457019,3.089085029457019,3.1390850294570187
Medium,0.6,1.6,0.45,"A('P', 'M')|B('P', 'M')","A('P', 'P')|B('P', 'P')",1,1,False,True,False,False,False,False,2.1928832886574043,2.1928832886574043,3.089085029457019,3.089085029457019,3.1390850294570187
Medium,0.6,1.6,0.5,"A('P', 'M')|B('P', 'M')","A('P', 'P')|B('P', 'P')",1,1,False,True,False,False,False,False,2.1928832886574043,2.1928832886574043,3.089085029457019,3.089085029457019,3.1390850294570187
Medium,0.6,1.6,0.55,"A('P', 'M')|B('P', 'M')","A('P', 'P')|B('P', 'P')",1,1,False,True,False,False,False,False,2.1928832886574043,2.1928832886574043,3.089085029457019,3.089085029457019,3.1390850294570187
Medium,0.6,1.6,0.6,"A('P', 'M')|B('P', 'M')","A('P', 'P')|B('P', 'P')",1,1,False,True,False,False,False,False,2.1928832886574043,2.1928832886574043,3.089085029457019,3.089085029457019,3.1390850294570187
Medium,0.6,1.6,0.65,"A('P', 'M')|B('P', 'M')","A('P', 'P')|B('P', 'P')",1,1,False,True,False,False,False,False,2.1928832886574043,2.1928832886574043,3.089085029457019,3.089085029457019,3.1390850294570187
Medium,0.6,1.6,0.7,"A('P', 'M')|B('P', 'M')","A('P', 'P')|B('P', 'P')",1,1,False,True,False,False,False,False,2.1928832886574043,2.1928832886574043,3.089085029457019,3.089085029457019,3.1390850294570187
Medium,0.6,1.6,0.75,"A('P', 'M')|B('P', 'M')","A('P', 'M')|B('P', 'P');A('P', 'P')|B('P', 'M')",1,2,False,True,False,False,True,False,2.1928832886574043,2.1928832886574043,2.8151545460216587,2.815154546021659,3.1390850294570187
Medium,0.6,1.6,0.8,"A('P', 'M')|B('P', 'M')","A('P', 'M')|B('P', 'M')",1,1,True,False,False,False,False,False,2.1928832886574043,2.1928832886574043,2.1928832886574043,2.1928832886574043,3.1390850294570187
Medium,0.6,1.6,0.85,"A('P', 'M')|B('P', 'M')","A('P', 'M')|B('P', 'M')",1,1,True,False,False,False,False,False,2.1928832886574043,2.1928832886574043,2.1928832886574043,2.1928832886574043,3.1390850294570187
Medium,0.6,1.6,0.9,"A('P', 'M')|B('P', 'M')","A('P', 'M')|B('P', 'M')",1,1,True,False,False,False,False,False,2.1928832886574043,2.1928832886574043,2.1928832886574043,2.1928832886574043,3.1390850294570187
Medium,0.6,1.6,0.95,"A('P', 'M')|B('P', 'M')","A('P', 'M')|B('P', 'M')",1,1,True,False,False,False,False,False,2.1928832886574043,2.1928832886574043,2.1928832886574043,2.1928832886574043,3.1390850294570187
Medium,0.6,1.6,1.0,"A('P', 'M')|B('P', 'M')","A('P', 'M')|B('P', 'M')",1,1,True,False,False,False,False,False,2.1928832886574043,2.1928832886574043,2.1928832886574043,2.1928832886574043,3.1390850294570187
Medium,0.6,1.7,0.1,"A('P', 'M')|B('P', 'M')","A('P', 'P')|B('P', 'P')",1,1,False,True,False,False,False,False,2.1928832886574043,2.1928832886574043,2.9890850294570184,2.9890850294570184,3.0890850294570185
Medium,0.6,1.7,0.15,"A('P', 'M')|B('P', 'M')","A('P', 'P')|B('P', 'P')",1,1,False,True,False,False,False,False,2.1928832886574043,2.1928832886574043,2.9890850294570184,2.9890850294570184,3.0890850294570185
Medium,0.6,1.7,0.2,"A('P', 'M')|B('P', 'M')","A('P', 'P')|B('P', 'P')",1,1,False,True,False,False,False,False,2.1928832886574043,2.1928832886574043,2.9890850294570184,2.9890850294570184,3.0890850294570185
Medium,0.6,1.7,0.25,"A('P', 'M')|B('P', 'M')","A('P', 'P')|B('P', 'P')",1,1,False,True,False,False,False,False,2.1928832886574043,2.1928832886574043,2.9890850294570184,2.9890850294570184,3.0890850294570185
Medium,0.6,1.7,0.3,"A('P', 'M')|B('P', 'M')","A('P', 'P')|B('P', 'P')",1,1,False,True,False,False,False,False,2.1928832886574043,2.1928832886574043,2.9890850294570184,2.9890850294570184,3.0890850294570185
Medium,0.6,1.7,0.35,"A('P', 'M')|B('P', 'M')","A('P', 'P')|B('P', 'P')",1,1,False,True,False,False,False,False,2.1928832886574043,2.1928832886574043,2.9890850294570184,2.9890850294570184,3.0890850294570185
Medium,0.6,1.7,0.4,"A('P', 'M')|B('P', 'M')","A('P', 'P')|B('P', 'P')",1,1,False,True,False,False,False,False,2.1928832886574043,2.1928832886574043,2.9890850294570184,2.9890850294570184,3.0890850294570185
Medium,0.6,1.7,0.45,"A('P', 'M')|B('P', 'M')","A('P', 'P')|B('P', 'P')",1,1,False,True,False,False,False,False,2.1928832886574043,2.1928832886574043,2.9890850294570184,2.9890850294570184,3.0890850294570185
Medium,0.6,1.7,0.5,"A('P', 'M')|B('P', 'M')","A('P', 'P')|B('P', 'P')",1,1,False,True,False,False,False,False,2.1928832886574043,2.1928832886574043,2.9890850294570184,2.9890850294570184,3.0890850294570185
Medium,0.6,1.7,0.55,"A('P', 'M')|B('P', 'M')","A('P', 'P')|B('P', 'P')",1,1,False,True,False,False,False,False,2.1928832886574043,2.1928832886574043,2.9890850294570184,2.9890850294570184,3.0890850294570185
Medium,0.6,1.7,0.6,"A('P', 'M')|B('P', 'M')","A('P', 'P')|B('P', 'P')",1,1,False,True,False,False,False,False,2.1928832886574043,2.1928832886574043,2.9890850294570184,2.9890850294570184,3.0890850294570185
Medium,0.6,1.7,0.65,"A('P', 'M')|B('P', 'M')","A('P', 'M')|B('P', 'P');A('P', 'P')|B('P', 'M')",1,2,False,True,False,False,True,False,2.1928832886574043,2.1928832886574043,2.765154546021659,2.765154546021659,3.0890850294570185
Medium,0.6,1.7,0.7,"A('P', 'M')|B('P', 'M')","A('P', 'M')|B('P', 'M')",1,1,True,False,False,False,False,False,2.1928832886574043,2.1928832886574043,2.1928832886574043,2.1928832886574043,3.0890850294570185
Medium,0.6,1.7,0.75,"A('P', 'M')|B('P', 'M')","A('P', 'M')|B('P', 'M')",1,1,True,False,False,False,False,False,2.1928832886574043,2.1928832886574043,2.1928832886574043,2.1928832886574043,3.0890850294570185
Medium,0.6,1.7,0.8,"A('P', 'M')|B('P', 'M')","A('P', 'M')|B('P', 'M')",1,1,True,False,False,False,False,False,2.1928832886574043,2.1928832886574043,2.1928832886574043,2.1928832886574043,3.0890850294570185
Medium,0.6,1.7,0.85,"A('P', 'M')|B('P', 'M')","A('P', 'M')|B('P', 'M')",1,1,True,False,False,False,False,False,2.1928832886574043,2.1928832886574043,2.1928832886574043,2.1928832886574043,3.0890850294570185
Medium,0.6,1.7,0.9,"A('P', 'M')|B('P', 'M')","A('P', 'M')|B('P', 'M')",1,1,True,False,False,False,False,False,2.1928832886574043,2.1928832886574043,2.1928832886574043,2.1928832886574043,3.0890850294570185
Medium,0.6,1.7,0.95,"A('P', 'M')|B('P', 'M')","A('P', 'M')|B('P', 'M')",1,1,True,False,False,False,False,False,2.1928832886574043,2.1928832886574043,2.1928832886574043,2.1928832886574043,3.0890850294570185
Medium,0.6,1.7,1.0,"A('P', 'M')|B('P', 'M')","A('P', 'M')|B('P', 'M')",1,1,True,False,False,False,False,False,2.1928832886574043,2.1928832886574043,2.1928832886574043,2.1928832886574043,3.0890850294570185
Medium,0.6,1.8,0.1,"A('P', 'M')|B('P', 'M')","A('P', 'P')|B('P', 'P')",1,1,False,True,False,False,False,False,2.1928832886574043,2.1928832886574043,2.8890850294570187,2.8890850294570187,3.0390850294570186
Medium,0.6,1.8,0.15,"A('P', 'M')|B('P', 'M')","A('P', 'P')|B('P', 'P')",1,1,False,True,False,False,False,False,2.1928832886574043,2.1928832886574043,2.8890850294570187,2.8890850294570187,3.0390850294570186
Medium,0.6,1.8,0.2,"A('P', 'M')|B('P', 'M')","A('P', 'P')|B('P', 'P')",1,1,False,True,False,False,False,False,2.1928832886574043,2.1928832886574043,2.8890850294570187,2.8890850294570187,3.0390850294570186
Medium,0.6,1.8,0.25,"A('P', 'M')|B('P', 'M')","A('P', 'P')|B('P', 'P')",1,1,False,True,False,False,False,False,2.1928832886574043,2.1928832886574043,2.8890850294570187,2.8890850294570187,3.0390850294570186
Medium,0.6,1.8,0.3,"A('P', 'M')|B('P', 'M')","A('P', 'P')|B('P', 'P')",1,1,False,True,False,False,False,False,2.1928832886574043,2.1928832886574043,2.8890850294570187,2.8890850294570187,3.0390850294570186
Medium,0.6,1.8,0.35,"A('P', 'M')|B('P', 'M')","A('P', 'P')|B('P', 'P')",1,1,False,True,False,False,False,False,2.1928832886574043,2.1928832886574043,2.8890850294570187,2.8890850294570187,3.0390850294570186
Medium,0.6,1.8,0.4,"A('P', 'M')|B('P', 'M')","A('P', 'P')|B('P', 'P')",1,1,False,True,False,False,False,False,2.1928832886574043,2.1928832886574043,2.8890850294570187,2.8890850294570187,3.0390850294570186
Medium,0.6,1.8,0.45,"A('P', 'M')|B('P', 'M')","A('P', 'P')|B('P', 'P')",1,1,False,True,False,False,False,False,2.1928832886574043,2.1928832886574043,2.8890850294570187,2.8890850294570187,3.0390850294570186
Medium,0.6,1.8,0.5,"A('P', 'M')|B('P', 'M')","A('P', 'P')|B('P', 'P')",1,1,False,True,False,False,False,False,2.1928832886574043,2.1928832886574043,2.8890850294570187,2.8890850294570187,3.0390850294570186
Medium,0.6,1.8,0.55,"A('P', 'M')|B('P', 'M')","A('P', 'P')|B('P', 'P')",1,1,False,True,False,False,False,False,2.1928832886574043,2.1928832886574043,2.8890850294570187,2.8890850294570187,3.0390850294570186
Medium,0.6,1.8,0.6,"A('P', 'M')|B('P', 'M')","A('P', 'M')|B('P', 'M')",1,1,True,False,False,False,False,False,2.1928832886574043,2.1928832886574043,2.1928832886574043,2.1928832886574043,3.0390850294570186
Medium,0.6,1.8,0.65,"A('P', 'M')|B('P', 'M')","A('P', 'M')|B('P', 'M')",1,1,True,False,False,False,False,False,2.1928832886574043,2.1928832886574043,2.1928832886574043,2.1928832886574043,3.0390850294570186
Medium,0.6,1.8,0.7,"A('P', 'M')|B('P', 'M')","A('P', 'M')|B('P', 'M')",1,1,True,False,False,False,False,False,2.1928832886574043,2.1928832886574043,2.1928832886574043,2.1928832886574043,3.0390850294570186
Medium,0.6,1.8,0.75,"A('P', 'M')|B('P', 'M')","A('P', 'M')|B('P', 'M')",1,1,True,False,False,False,False,False,2.1928832886574043,2.1928832886574043,2.1928832886574043,2.1928832886574043,3.0390850294570186
Medium,0.6,1.8,0.8,"A('P', 'M')|B('P', 'M')","A('P', 'M')|B('P', 'M')",1,1,True,False,False,False,False,False,2.1928832886574043,2.1928832886574043,2.1928832886574043,2.1928832886574043,3.0390850294570186
Medium,0.6,1.8,0.85,"A('P', 'M')|B('P', 'M')","A('P', 'M')|B('P', 'M')",1,1,True,False,False,False,False,False,2.1928832886574043,2.1928832886574043,2.1928832886574043,2.1928832886574043,3.0390850294570186
Medium,0.6,1.8,0.9,"A('P', 'M')|B('P', 'M')","A('P', 'M')|B('P', 'M')",1,1,True,False,False,False,False,False,2.1928832886574043,2.1928832886574043,2.1928832886574043,2.1928832886574043,3.0390850294570186
Medium,0.6,1.8,0.95,"A('P', 'M')|B('P', 'M')","A('P', 'M')|B('P', 'M')",1,1,True,False,False,False,False,False,2.1928832886574043,2.1928832886574043,2.1928832886574043,2.1928832886574043,3.0390850294570186
Medium,0.6,1.8,1.0,"A('P', 'M')|B('P', 'M')","A('P', 'M')|B('P', 'M')",1,1,True,False,False,False,False,False,2.1928832886574043,2.1928832886574043,2.1928832886574043,2.1928832886574043,3.0390850294570186
Medium,0.6,1.9,0.1,"A('P', 'M')|B('P', 'M')","A('P', 'P')|B('P', 'P')",1,1,False,True,False,False,False,False,2.1928832886574043,2.1928832886574043,2.789085029457018,2.789085029457018,2.9890850294570184
Medium,0.6,1.9,0.15,"A('P', 'M')|B('P', 'M')","A('P', 'P')|B('P', 'P')",1,1,False,True,False,False,False,False,2.1928832886574043,2.1928832886574043,2.789085029457018,2.789085029457018,2.9890850294570184
Medium,0.6,1.9,0.2,"A('P', 'M')|B('P', 'M')","A('P', 'P')|B('P', 'P')",1,1,False,True,False,False,False,False,2.1928832886574043,2.1928832886574043,2.789085029457018,2.789085029457018,2.9890850294570184
Medium,0.6,1.9,0.25,"A('P', 'M')|B('P', 'M')","A('P', 'P')|B('P', 'P')",1,1,False,True,False,False,False,False,2.1928832886574043,2.1928832886574043,2.789085029457018,2.789085029457018,2.9890850294570184
Medium,0.6,1.9,0.3,"A('P', 'M')|B('P', 'M')","A('P', 'P')|B('P', 'P')",1,1,False,True,False,False,False,False,2.1928832886574043,2.1928832886574043,2.789085029457018,2.789085029457018,2.9890850294570184
Medium,0.6,1.9,0.35,"A('P', 'M')|B('P', 'M')","A('P', 'P')|B('P', 'P')",1,1,False,True,False,False,False,False,2.1928832886574043,2.1928832886574043,2.789085029457018,2.789085029457018,2.9890850294570184
Medium,0.6,1.9,0.4,"A('P', 'M')|B('P', 'M')","A('P', 'P')|B('P', 'P')",1,1,False,True,False,False,False,False,2.1928832886574043,2.1928832886574043,2.789085029457018,2.789085029457018,2.9890850294570184
Medium,0.6,1.9,0.45,"A('P', 'M')|B('P', 'M')","A('P', 'P')|B('P', 'P')",1,1,False,True,False,False,False,False,2.1928832886574043,2.1928832886574043,2.789085029457018,2.789085029457018,2.9890850294570184
Medium,0.6,1.9,0.5,"A('P', 'M')|B('P', 'M')","A('P', 'M')|B('P', 'M');A('P', 'P')|B('P', 'P')",1,2,False,False,False,False,True,False,2.1928832886574043,2.1928832886574043,2.1928832886574043,2.789085029457018,2.9890850294570184
Medium,0.6,1.9,0.55,"A('P', 'M')|B('P', 'M')","A('P', 'M')|B('P', 'M')",1,1,True,False,False,False,False,False,2.1928832886574043,2.1928832886574043,2.1928832886574043,2.1928832886574043,2.9890850294570184
Medium,0.6,1.9,0.6,"A('P', 'M')|B('P', 'M')","A('P', 'M')|B('P', 'M')",1,1,True,False,False,False,False,False,2.1928832886574043,2.1928832886574043,2.1928832886574043,2.1928832886574043,2.9890850294570184
Medium,0.6,1.9,0.65,"A('P', 'M')|B('P', 'M')","A('P', 'M')|B('P', 'M')",1,1,True,False,False,False,False,False,2.1928832886574043,2.1928832886574043,2.1928832886574043,2.1928832886574043,2.9890850294570184
Medium,0.6,1.9,0.7,"A('P', 'M')|B('P', 'M')","A('P', 'M')|B('P', 'M')",1,1,True,False,False,False,False,False,2.1928832886574043,2.1928832886574043,2.1928832886574043,2.1928832886574043,2.9890850294570184
Medium,0.6,1.9,0.75,"A('P', 'M')|B('P', 'M')","A('P', 'M')|B('P', 'M')",1,1,True,False,False,False,False,False,2.1928832886574043,2.1928832886574043,2.1928832886574043,2.1928832886574043,2.9890850294570184
Medium,0.6,1.9,0.8,"A('P', 'M')|B('P', 'M')","A('P', 'M')|B('P', 'M')",1,1,True,False,False,False,False,False,2.1928832886574043,2.1928832886574043,2.1928832886574043,2.1928832886574043,2.9890850294570184
Medium,0.6,1.9,0.85,"A('P', 'M')|B('P', 'M')","A('P', 'M')|B('P', 'M')",1,1,True,False,False,False,False,False,2.1928832886574043,2.1928832886574043,2.1928832886574043,2.1928832886574043,2.9890850294570184
Medium,0.6,1.9,0.9,"A('P', 'M')|B('P', 'M')","A('P', 'M')|B('P', 'M')",1,1,True,False,False,False,False,False,2.1928832886574043,2.1928832886574043,2.1928832886574043,2.1928832886574043,2.9890850294570184
Medium,0.6,1.9,0.95,"A('P', 'M')|B('P', 'M')","A('P', 'M')|B('P', 'M')",1,1,True,False,False,False,False,False,2.1928832886574043,2.1928832886574043,2.1928832886574043,2.1928832886574043,2.9890850294570184
Medium,0.6,1.9,1.0,"A('P', 'M')|B('P', 'M')","A('P', 'M')|B('P', 'M')",1,1,True,False,False,False,False,False,2.1928832886574043,2.1928832886574043,2.1928832886574043,2.1928832886574043,2.9890850294570184
Medium,0.6,2.0,0.1,"A('P', 'M')|B('P', 'M')","A('P', 'P')|B('P', 'P')",1,1,False,True,False,False,False,False,2.1928832886574043,2.1928832886574043,2.6890850294570185,2.6890850294570185,2.9390850294570185
Medium,0.6,2.0,0.15,"A('P', 'M')|B('P', 'M')","A('P', 'P')|B('P', 'P')",1,1,False,True,False,False,False,False,2.1928832886574043,2.1928832886574043,2.6890850294570185,2.6890850294570185,2.9390850294570185
Medium,0.6,2.0,0.2,"A('P', 'M')|B('P', 'M')","A('P', 'P')|B('P', 'P')",1,1,False,True,False,False,False,False,2.1928832886574043,2.1928832886574043,2.6890850294570185,2.6890850294570185,2.9390850294570185
Medium,0.6,2.0,0.25,"A('P', 'M')|B('P', 'M')","A('P', 'P')|B('P', 'P')",1,1,False,True,False,False,False,False,2.1928832886574043,2.1928832886574043,2.6890850294570185,2.6890850294570185,2.9390850294570185
Medium,0.6,2.0,0.3,"A('P', 'M')|B('P', 'M')","A('P', 'P')|B('P', 'P')",1,1,False,True,False,False,False,False,2.1928832886574043,2.1928832886574043,2.6890850294570185,2.6890850294570185,2.9390850294570185
Medium,0.6,2.0,0.35,"A('P', 'M')|B('P', 'M')","A('P', 'M')|B('P', 'M');A('P', 'P')|B('P', 'P')",1,2,False,False,False,False,True,False,2.1928832886574043,2.1928832886574043,2.1928832886574043,2.6890850294570185,2.9390850294570185
Medium,0.6,2.0,0.4,"A('P', 'M')|B('P', 'M')","A('P', 'M')|B('P', 'M');A('P', 'P')|B('P', 'P')",1,2,False,False,False,False,True,False,2.1928832886574043,2.1928832886574043,2.1928832886574043,2.6890850294570185,2.9390850294570185
Medium,0.6,2.0,0.45,"A('P', 'M')|B('P', 'M')","A('P', 'M')|B('P', 'M');A('P', 'P')|B('P', 'P')",1,2,False,False,False,False,True,False,2.1928832886574043,2.1928832886574043,2.1928832886574043,2.6890850294570185,2.9390850294570185
Medium,0.6,2.0,0.5,"A('P', 'M')|B('P', 'M')","A('P', 'M')|B('P', 'M')",1,1,True,False,False,False,False,False,2.1928832886574043,2.1928832886574043,2.1928832886574043,2.1928832886574043,2.9390850294570185
Medium,0.6,2.0,0.55,"A('P', 'M')|B('P', 'M')","A('P', 'M')|B('P', 'M')",1,1,True,False,False,False,False,False,2.1928832886574043,2.1928832886574043,2.1928832886574043,2.1928832886574043,2.9390850294570185
Medium,0.6,2.0,0.6,"A('P', 'M')|B('P', 'M')","A('P', 'M')|B('P', 'M')",1,1,True,False,False,False,False,False,2.1928832886574043,2.1928832886574043,2.1928832886574043,2.1928832886574043,2.9390850294570185
Medium,0.6,2.0,0.65,"A('P', 'M')|B('P', 'M')","A('P', 'M')|B('P', 'M')",1,1,True,False,False,False,False,False,2.1928832886574043,2.1928832886574043,2.1928832886574043,2.1928832886574043,2.9390850294570185
Medium,0.6,2.0,0.7,"A('P', 'M')|B('P', 'M')","A('P', 'M')|B('P', 'M')",1,1,True,False,False,False,False,False,2.1928832886574043,2.1928832886574043,2.1928832886574043,2.1928832886574043,2.9390850294570185
Medium,0.6,2.0,0.75,"A('P', 'M')|B('P', 'M')","A('P', 'M')|B('P', 'M')",1,1,True,False,False,False,False,False,2.1928832886574043,2.1928832886574043,2.1928832886574043,2.1928832886574043,2.9390850294570185
Medium,0.6,2.0,0.8,"A('P', 'M')|B('P', 'M')","A('P', 'M')|B('P', 'M')",1,1,True,False,False,False,False,False,2.1928832886574043,2.1928832886574043,2.1928832886574043,2.1928832886574043,2.9390850294570185
Medium,0.6,2.0,0.85,"A('P', 'M')|B('P', 'M')","A('P', 'M')|B('P', 'M')",1,1,True,False,False,False,False,False,2.1928832886574043,2.1928832886574043,2.1928832886574043,2.1928832886574043,2.9390850294570185
Medium,0.6,2.0,0.9,"A('P', 'M')|B('P', 'M')","A('P', 'M')|B('P', 'M')",1,1,True,False,False,False,False,False,2.1928832886574043,2.1928832886574043,2.1928832886574043,2.1928832886574043,2.9390850294570185
Medium,0.6,2.0,0.95,"A('P', 'M')|B('P', 'M')","A('P', 'M')|B('P', 'M')",1,1,True,False,False,False,False,False,2.1928832886574043,2.1928832886574043,2.1928832886574043,2.1928832886574043,2.9390850294570185
Medium,0.6,2.0,1.0,"A('P', 'M')|B('P', 'M')","A('P', 'M')|B('P', 'M')",1,1,True,False,False,False,False,False,2.1928832886574043,2.1928832886574043,2.1928832886574043,2.1928832886574043,2.9390850294570185
Medium,0.6,2.1,0.1,"A('P', 'M')|B('P', 'M')","A('P', 'P')|B('P', 'P')",1,1,False,True,False,False,False,False,2.1928832886574043,2.1928832886574043,2.589085029457019,2.589085029457019,2.8890850294570187
Medium,0.6,2.1,0.15,"A('P', 'M')|B('P', 'M')","A('P', 'P')|B('P', 'P')",1,1,False,True,False,False,False,False,2.1928832886574043,2.1928832886574043,2.589085029457019,2.589085029457019,2.8890850294570187
Medium,0.6,2.1,0.2,"A('P', 'M')|B('P', 'M')","A('P', 'P')|B('P', 'P')",1,1,False,True,False,False,False,False,2.1928832886574043,2.1928832886574043,2.589085029457019,2.589085029457019,2.8890850294570187
Medium,0.6,2.1,0.25,"A('P', 'M')|B('P', 'M')","A('P', 'M')|B('P', 'M');A('P', 'P')|B('P', 'P')",1,2,False,False,False,False,True,False,2.1928832886574043,2.1928832886574043,2.1928832886574043,2.589085029457019,2.8890850294570187
Medium,0.6,2.1,0.3,"A('P', 'M')|B('P', 'M')","A('P', 'M')|B('P', 'M');A('P', 'P')|B('P', 'P')",1,2,False,False,False,False,True,False,2.1928832886574043,2.1928832886574043,2.1928832886574043,2.589085029457019,2.8890850294570187
Medium,0.6,2.1,0.35,"A('P', 'M')|B('P', 'M')","A('P', 'M')|B('P', 'M');A('P', 'P')|B('P', 'P')",1,2,False,False,False,False,True,False,2.1928832886574043,2.1928832886574043,2.1928832886574043,2.589085029457019,2.8890850294570187
Medium,0.6,2.1,0.4,"A('P', 'M')|B('P', 'M')","A('P', 'M')|B('P', 'M');A('P', 'P')|B('P', 'P')",1,2,False,False,False,False,True,False,2.1928832886574043,2.1928832886574043,2.1928832886574043,2.589085029457019,2.8890850294570187
Medium,0.6,2.1,0.45,"A('P', 'M')|B('P', 'M')","A('P', 'M')|B('P', 'M')",1,1,True,False,False,False,False,False,2.1928832886574043,2.1928832886574043,2.1928832886574043,2.1928832886574043,2.8890850294570187
Medium,0.6,2.1,0.5,"A('P', 'M')|B('P', 'M')","A('P', 'M')|B('P', 'M')",1,1,True,False,False,False,False,False,2.1928832886574043,2.1928832886574043,2.1928832886574043,2.1928832886574043,2.8890850294570187
Medium,0.6,2.1,0.55,"A('P', 'M')|B('P', 'M')","A('P', 'M')|B('P', 'M')",1,1,True,False,False,False,False,False,2.1928832886574043,2.1928832886574043,2.1928832886574043,2.1928832886574043,2.8890850294570187
Medium,0.6,2.1,0.6,"A('P', 'M')|B('P', 'M')","A('P', 'M')|B('P', 'M')",1,1,True,False,False,False,False,False,2.1928832886574043,2.1928832886574043,2.1928832886574043,2.1928832886574043,2.8890850294570187
Medium,0.6,2.1,0.65,"A('P', 'M')|B('P', 'M')","A('P', 'M')|B('P', 'M')",1,1,True,False,False,False,False,False,2.1928832886574043,2.1928832886574043,2.1928832886574043,2.1928832886574043,2.8890850294570187
Medium,0.6,2.1,0.7,"A('P', 'M')|B('P', 'M')","A('P', 'M')|B('P', 'M')",1,1,True,False,False,False,False,False,2.1928832886574043,2.1928832886574043,2.1928832886574043,2.1928832886574043,2.8890850294570187
Medium,0.6,2.1,0.75,"A('P', 'M')|B('P', 'M')","A('P', 'M')|B('P', 'M')",1,1,True,False,False,False,False,False,2.1928832886574043,2.1928832886574043,2.1928832886574043,2.1928832886574043,2.8890850294570187
Medium,0.6,2.1,0.8,"A('P', 'M')|B('P', 'M')","A('P', 'M')|B('P', 'M')",1,1,True,False,False,False,False,False,2.1928832886574043,2.1928832886574043,2.1928832886574043,2.1928832886574043,2.8890850294570187
Medium,0.6,2.1,0.85,"A('P', 'M')|B('P', 'M')","A('P', 'M')|B('P', 'M')",1,1,True,False,False,False,False,False,2.1928832886574043,2.1928832886574043,2.1928832886574043,2.1928832886574043,2.8890850294570187
Medium,0.6,2.1,0.9,"A('P', 'M')|B('P', 'M')","A('P', 'M')|B('P', 'M')",1,1,True,False,False,False,False,False,2.1928832886574043,2.1928832886574043,2.1928832886574043,2.1928832886574043,2.8890850294570187
Medium,0.6,2.1,0.95,"A('P', 'M')|B('P', 'M')","A('P', 'M')|B('P', 'M')",1,1,True,False,False,False,False,False,2.1928832886574043,2.1928832886574043,2.1928832886574043,2.1928832886574043,2.8890850294570187
Medium,0.6,2.1,1.0,"A('P', 'M')|B('P', 'M')","A('P', 'M')|B('P', 'M')",1,1,True,False,False,False,False,False,2.1928832886574043,2.1928832886574043,2.1928832886574043,2.1928832886574043,2.8890850294570187
Medium,0.6,2.2,0.1,"A('P', 'M')|B('P', 'M')","A('P', 'P')|B('P', 'P')",1,1,False,True,True,False,False,False,2.1928832886574043,2.1928832886574043,2.4890850294570184,2.4890850294570184,2.8521197877393387
Medium,0.6,2.2,0.15,"A('P', 'M')|B('P', 'M')","A('P', 'M')|B('P', 'M');A('P', 'P')|B('P', 'P')",1,2,False,False,True,False,True,False,2.1928832886574043,2.1928832886574043,2.1928832886574043,2.4890850294570184,2.8521197877393387
Medium,0.6,2.2,0.2,"A('P', 'M')|B('P', 'M')","A('P', 'M')|B('P', 'M');A('P', 'P')|B('P', 'P')",1,2,False,False,True,False,True,False,2.1928832886574043,2.1928832886574043,2.1928832886574043,2.4890850294570184,2.8521197877393387
Medium,0.6,2.2,0.25,"A('P', 'M')|B('P', 'M')","A('P', 'M')|B('P', 'M');A('P', 'P')|B('P', 'P')",1,2,False,False,True,False,True,False,2.1928832886574043,2.1928832886574043,2.1928832886574043,2.4890850294570184,2.8521197877393387
Medium,0.6,2.2,0.3,"A('P', 'M')|B('P', 'M')","A('P', 'M')|B('P', 'M');A('P', 'P')|B('P', 'P')",1,2,False,False,True,False,True,False,2.1928832886574043,2.1928832886574043,2.1928832886574043,2.4890850294570184,2.8521197877393387
Medium,0.6,2.2,0.35,"A('P', 'M')|B('P', 'M')","A('P', 'M')|B('P', 'M');A('P', 'P')|B('P', 'P')",1,2,False,False,True,False,True,False,2.1928832886574043,2.1928832886574043,2.1928832886574043,2.4890850294570184,2.8521197877393387
Medium,0.6,2.2,0.4,"A('P', 'M')|B('P', 'M')","A('P', 'M')|B('P', 'M')",1,1,True,False,False,False,False,False,2.1928832886574043,2.1928832886574043,2.1928832886574043,2.1928832886574043,2.8521197877393387
Medium,0.6,2.2,0.45,"A('P', 'M')|B('P', 'M')","A('P', 'M')|B('P', 'M')",1,1,True,False,False,False,False,False,2.1928832886574043,2.1928832886574043,2.1928832886574043,2.1928832886574043,2.8521197877393387
Medium,0.6,2.2,0.5,"A('P', 'M')|B('P', 'M')","A('P', 'M')|B('P', 'M')",1,1,True,False,False,False,False,False,2.1928832886574043,2.1928832886574043,2.1928832886574043,2.1928832886574043,2.8521197877393387
Medium,0.6,2.2,0.55,"A('P', 'M')|B('P', 'M')","A('P', 'M')|B('P', 'M')",1,1,True,False,False,False,False,False,2.1928832886574043,2.1928832886574043,2.1928832886574043,2.1928832886574043,2.8521197877393387
Medium,0.6,2.2,0.6,"A('P', 'M')|B('P', 'M')","A('P', 'M')|B('P', 'M')",1,1,True,False,False,False,False,False,2.1928832886574043,2.1928832886574043,2.1928832886574043,2.1928832886574043,2.8521197877393387
Medium,0.6,2.2,0.65,"A('P', 'M')|B('P', 'M')","A('P', 'M')|B('P', 'M')",1,1,True,False,False,False,False,False,2.1928832886574043,2.1928832886574043,2.1928832886574043,2.1928832886574043,2.8521197877393387
Medium,0.6,2.2,0.7,"A('P', 'M')|B('P', 'M')","A('P', 'M')|B('P', 'M')",1,1,True,False,False,False,False,False,2.1928832886574043,2.1928832886574043,2.1928832886574043,2.1928832886574043,2.8521197877393387
Medium,0.6,2.2,0.75,"A('P', 'M')|B('P', 'M')","A('P', 'M')|B('P', 'M')",1,1,True,False,False,False,False,False,2.1928832886574043,2.1928832886574043,2.1928832886574043,2.1928832886574043,2.8521197877393387
Medium,0.6,2.2,0.8,"A('P', 'M')|B('P', 'M')","A('P', 'M')|B('P', 'M')",1,1,True,False,False,False,False,False,2.1928832886574043,2.1928832886574043,2.1928832886574043,2.1928832886574043,2.8521197877393387
Medium,0.6,2.2,0.85,"A('P', 'M')|B('P', 'M')","A('P', 'M')|B('P', 'M')",1,1,True,False,False,False,False,False,2.1928832886574043,2.1928832886574043,2.1928832886574043,2.1928832886574043,2.8521197877393387
Medium,0.6,2.2,0.9,"A('P', 'M')|B('P', 'M')","A('P', 'M')|B('P', 'M')",1,1,True,False,False,False,False,False,2.1928832886574043,2.1928832886574043,2.1928832886574043,2.1928832886574043,2.8521197877393387
Medium,0.6,2.2,0.95,"A('P', 'M')|B('P', 'M')","A('P', 'M')|B('P', 'M')",1,1,True,False,False,False,False,False,2.1928832886574043,2.1928832886574043,2.1928832886574043,2.1928832886574043,2.8521197877393387
Medium,0.6,2.2,1.0,"A('P', 'M')|B('P', 'M')","A('P', 'M')|B('P', 'M')",1,1,True,False,False,False,False,False,2.1928832886574043,2.1928832886574043,2.1928832886574043,2.1928832886574043,2.8521197877393387
Medium,0.6,2.3,0.1,"A('P', 'M')|B('P', 'M')","A('P', 'M')|B('P', 'M');A('P', 'P')|B('P', 'P')",1,2,False,False,True,False,True,False,2.1928832886574043,2.1928832886574043,2.1928832886574043,2.3890850294570187,2.827119787739339
Medium,0.6,2.3,0.15,"A('P', 'M')|B('P', 'M')","A('P', 'M')|B('P', 'M');A('P', 'P')|B('P', 'P')",1,2,False,False,True,False,True,False,2.1928832886574043,2.1928832886574043,2.1928832886574043,2.3890850294570187,2.827119787739339
Medium,0.6,2.3,0.2,"A('P', 'M')|B('P', 'M')","A('P', 'M')|B('P', 'M');A('P', 'P')|B('P', 'P')",1,2,False,False,True,False,True,False,2.1928832886574043,2.1928832886574043,2.1928832886574043,2.3890850294570187,2.827119787739339
Medium,0.6,2.3,0.25,"A('P', 'M')|B('P', 'M')","A('P', 'M')|B('P', 'M');A('P', 'P')|B('P', 'P')",1,2,False,False,True,False,True,False,2.1928832886574043,2.1928832886574043,2.1928832886574043,2.3890850294570187,2.827119787739339
Medium,0.6,2.3,0.3,"A('P', 'M')|B('P', 'M')","A('P', 'M')|B('P', 'M');A('P', 'P')|B('P', 'P')",1,2,False,False,True,False,True,False,2.1928832886574043,2.1928832886574043,2.1928832886574043,2.3890850294570187,2.827119787739339
Medium,0.6,2.3,0.35,"A('P', 'M')|B('P', 'M')","A('P', 'M')|B('P', 'M')",1,1,True,False,False,False,False,False,2.1928832886574043,2.1928832886574043,2.1928832886574043,2.1928832886574043,2.827119787739339
Medium,0.6,2.3,0.4,"A('P', 'M')|B('P', 'M')","A('P', 'M')|B('P', 'M')",1,1,True,False,False,False,False,False,2.1928832886574043,2.1928832886574043,2.1928832886574043,2.1928832886574043,2.827119787739339
Medium,0.6,2.3,0.45,"A('P', 'M')|B('P', 'M')","A('P', 'M')|B('P', 'M')",1,1,True,False,False,False,False,False,2.1928832886574043,2.1928832886574043,2.1928832886574043,2.1928832886574043,2.827119787739339
Medium,0.6,2.3,0.5,"A('P', 'M')|B('P', 'M')","A('P', 'M')|B('P', 'M')",1,1,True,False,False,False,False,False,2.1928832886574043,2.1928832886574043,2.1928832886574043,2.1928832886574043,2.827119787739339
Medium,0.6,2.3,0.55,"A('P', 'M')|B('P', 'M')","A('P', 'M')|B('P', 'M')",1,1,True,False,False,False,False,False,2.1928832886574043,2.1928832886574043,2.1928832886574043,2.1928832886574043,2.827119787739339
Medium,0.6,2.3,0.6,"A('P', 'M')|B('P', 'M')","A('P', 'M')|B('P', 'M')",1,1,True,False,False,False,False,False,2.1928832886574043,2.1928832886574043,2.1928832886574043,2.1928832886574043,2.827119787739339
Medium,0.6,2.3,0.65,"A('P', 'M')|B('P', 'M')","A('P', 'M')|B('P', 'M')",1,1,True,False,False,False,False,False,2.1928832886574043,2.1928832886574043,2.1928832886574043,2.1928832886574043,2.827119787739339
Medium,0.6,2.3,0.7,"A('P', 'M')|B('P', 'M')","A('P', 'M')|B('P', 'M')",1,1,True,False,False,False,False,False,2.1928832886574043,2.1928832886574043,2.1928832886574043,2.1928832886574043,2.827119787739339
Medium,0.6,2.3,0.75,"A('P', 'M')|B('P', 'M')","A('P', 'M')|B('P', 'M')",1,1,True,False,False,False,False,False,2.1928832886574043,2.1928832886574043,2.1928832886574043,2.1928832886574043,2.827119787739339
Medium,0.6,2.3,0.8,"A('P', 'M')|B('P', 'M')","A('P', 'M')|B('P', 'M')",1,1,True,False,False,False,False,False,2.1928832886574043,2.1928832886574043,2.1928832886574043,2.1928832886574043,2.827119787739339
Medium,0.6,2.3,0.85,"A('P', 'M')|B('P', 'M')","A('P', 'M')|B('P', 'M')",1,1,True,False,False,False,False,False,2.1928832886574043,2.1928832886574043,2.1928832886574043,2.1928832886574043,2.827119787739339
Medium,0.6,2.3,0.9,"A('P', 'M')|B('P', 'M')","A('P', 'M')|B('P', 'M')",1,1,True,False,False,False,False,False,2.1928832886574043,2.1928832886574043,2.1928832886574043,2.1928832886574043,2.827119787739339
Medium,0.6,2.3,0.95,"A('P', 'M')|B('P', 'M')","A('P', 'M')|B('P', 'M')",1,1,True,False,False,False,False,False,2.1928832886574043,2.1928832886574043,2.1928832886574043,2.1928832886574043,2.827119787739339
Medium,0.6,2.3,1.0,"A('P', 'M')|B('P', 'M')","A('P', 'M')|B('P', 'M')",1,1,True,False,False,False,False,False,2.1928832886574043,2.1928832886574043,2.1928832886574043,2.1928832886574043,2.827119787739339
Medium,0.6,2.4,0.1,"A('P', 'M')|B('P', 'M')","A('P', 'M')|B('P', 'M');A('P', 'P')|B('P', 'P')",1,2,False,False,True,False,True,False,2.1928832886574043,2.1928832886574043,2.1928832886574043,2.289085029457018,2.802119787739339
Medium,0.6,2.4,0.15,"A('P', 'M')|B('P', 'M')","A('P', 'M')|B('P', 'M');A('P', 'P')|B('P', 'P')",1,2,False,False,True,False,True,False,2.1928832886574043,2.1928832886574043,2.1928832886574043,2.289085029457018,2.802119787739339
Medium,0.6,2.4,0.2,"A('P', 'M')|B('P', 'M')","A('P', 'M')|B('P', 'M');A('P', 'P')|B('P', 'P')",1,2,False,False,True,False,True,False,2.1928832886574043,2.1928832886574043,2.1928832886574043,2.289085029457018,2.802119787739339
Medium,0.6,2.4,0.25,"A('P', 'M')|B('P', 'M')","A('P', 'M')|B('P', 'M');A('P', 'P')|B('P', 'P')",1,2,False,False,True,False,True,False,2.1928832886574043,2.1928832886574043,2.1928832886574043,2.289085029457018,2.802119787739339
Medium,0.6,2.4,0.3,"A('P', 'M')|B('P', 'M')","A('P', 'M')|B('P', 'M')",1,1,True,False,False,False,False,False,2.1928832886574043,2.1928832886574043,2.1928832886574043,2.1928832886574043,2.802119787739339
Medium,0.6,2.4,0.35,"A('P', 'M')|B('P', 'M')","A('P', 'M')|B('P', 'M')",1,1,True,False,False,False,False,False,2.1928832886574043,2.1928832886574043,2.1928832886574043,2.1928832886574043,2.802119787739339
Medium,0.6,2.4,0.4,"A('P', 'M')|B('P', 'M')","A('P', 'M')|B('P', 'M')",1,1,True,False,False,False,False,False,2.1928832886574043,2.1928832886574043,2.1928832886574043,2.1928832886574043,2.802119787739339
Medium,0.6,2.4,0.45,"A('P', 'M')|B('P', 'M')","A('P', 'M')|B('P', 'M')",1,1,True,False,False,False,False,False,2.1928832886574043,2.1928832886574043,2.1928832886574043,2.1928832886574043,2.802119787739339
Medium,0.6,2.4,0.5,"A('P', 'M')|B('P', 'M')","A('P', 'M')|B('P', 'M')",1,1,True,False,False,False,False,False,2.1928832886574043,2.1928832886574043,2.1928832886574043,2.1928832886574043,2.802119787739339
Medium,0.6,2.4,0.55,"A('P', 'M')|B('P', 'M')","A('P', 'M')|B('P', 'M')",1,1,True,False,False,False,False,False,2.1928832886574043,2.1928832886574043,2.1928832886574043,2.1928832886574043,2.802119787739339
Medium,0.6,2.4,0.6,"A('P', 'M')|B('P', 'M')","A('P', 'M')|B('P', 'M')",1,1,True,False,False,False,False,False,2.1928832886574043,2.1928832886574043,2.1928832886574043,2.1928832886574043,2.802119787739339
Medium,0.6,2.4,0.65,"A('P', 'M')|B('P', 'M')","A('P', 'M')|B('P', 'M')",1,1,True,False,False,False,False,False,2.1928832886574043,2.1928832886574043,2.1928832886574043,2.1928832886574043,2.802119787739339
Medium,0.6,2.4,0.7,"A('P', 'M')|B('P', 'M')","A('P', 'M')|B('P', 'M')",1,1,True,False,False,False,False,False,2.1928832886574043,2.1928832886574043,2.1928832886574043,2.1928832886574043,2.802119787739339
Medium,0.6,2.4,0.75,"A('P', 'M')|B('P', 'M')","A('P', 'M')|B('P', 'M')",1,1,True,False,False,False,False,False,2.1928832886574043,2.1928832886574043,2.1928832886574043,2.1928832886574043,2.802119787739339
Medium,0.6,2.4,0.8,"A('P', 'M')|B('P', 'M')","A('P', 'M')|B('P', 'M')",1,1,True,False,False,False,False,False,2.1928832886574043,2.1928832886574043,2.1928832886574043,2.1928832886574043,2.802119787739339
Medium,0.6,2.4,0.85,"A('P', 'M')|B('P', 'M')","A('P', 'M')|B('P', 'M')",1,1,True,False,False,False,False,False,2.1928832886574043,2.1928832886574043,2.1928832886574043,2.1928832886574043,2.802119787739339
Medium,0.6,2.4,0.9,"A('P', 'M')|B('P', 'M')","A('P', 'M')|B('P', 'M')",1,1,True,False,False,False,False,False,2.1928832886574043,2.1928832886574043,2.1928832886574043,2.1928832886574043,2.802119787739339
Medium,0.6,2.4,0.95,"A('P', 'M')|B('P', 'M')","A('P', 'M')|B('P', 'M')",1,1,True,False,False,False,False,False,2.1928832886574043,2.1928832886574043,2.1928832886574043,2.1928832886574043,2.802119787739339
Medium,0.6,2.4,1.0,"A('P', 'M')|B('P', 'M')","A('P', 'M')|B('P', 'M')",1,1,True,False,False,False,False,False,2.1928832886574043,2.1928832886574043,2.1928832886574043,2.1928832886574043,2.802119787739339
Medium,0.6,2.5,0.1,"A('P', 'M')|B('P', 'M')","A('P', 'M')|B('P', 'M');A('P', 'P')|B('P', 'P')",1,2,False,False,True,True,True,False,2.1928832886574043,2.1928832886574043,2.1890850294570185,2.1928832886574043,2.7771197877393385
Medium,0.6,2.5,0.15,"A('P', 'M')|B('P', 'M')","A('P', 'M')|B('P', 'M');A('P', 'P')|B('P', 'P')",1,2,False,False,True,True,True,False,2.1928832886574043,2.1928832886574043,2.1890850294570185,2.1928832886574043,2.7771197877393385
Medium,0.6,2.5,0.2,"A('P', 'M')|B('P', 'M')","A('P', 'M')|B('P', 'M')",1,1,True,False,False,False,False,False,2.1928832886574043,2.1928832886574043,2.1928832886574043,2.1928832886574043,2.7771197877393385
Medium,0.6,2.5,0.25,"A('P', 'M')|B('P', 'M')","A('P', 'M')|B('P', 'M')",1,1,True,False,False,False,False,False,2.1928832886574043,2.1928832886574043,2.1928832886574043,2.1928832886574043,2.7771197877393385
Medium,0.6,2.5,0.3,"A('P', 'M')|B('P', 'M')","A('P', 'M')|B('P', 'M')",1,1,True,False,False,False,False,False,2.1928832886574043,2.1928832886574043,2.1928832886574043,2.1928832886574043,2.7771197877393385
Medium,0.6,2.5,0.35,"A('P', 'M')|B('P', 'M')","A('P', 'M')|B('P', 'M')",1,1,True,False,False,False,False,False,2.1928832886574043,2.1928832886574043,2.1928832886574043,2.1928832886574043,2.7771197877393385
Medium,0.6,2.5,0.4,"A('P', 'M')|B('P', 'M')","A('P', 'M')|B('P', 'M')",1,1,True,False,False,False,False,False,2.1928832886574043,2.1928832886574043,2.1928832886574043,2.1928832886574043,2.7771197877393385
Medium,0.6,2.5,0.45,"A('P', 'M')|B('P', 'M')","A('P', 'M')|B('P', 'M')",1,1,True,False,False,False,False,False,2.1928832886574043,2.1928832886574043,2.1928832886574043,2.1928832886574043,2.7771197877393385
Medium,0.6,2.5,0.5,"A('P', 'M')|B('P', 'M')","A('P', 'M')|B('P', 'M')",1,1,True,False,False,False,False,False,2.1928832886574043,2.1928832886574043,2.1928832886574043,2.1928832886574043,2.7771197877393385
Medium,0.6,2.5,0.55,"A('P', 'M')|B('P', 'M')","A('P', 'M')|B('P', 'M')",1,1,True,False,False,False,False,False,2.1928832886574043,2.1928832886574043,2.1928832886574043,2.1928832886574043,2.7771197877393385
Medium,0.6,2.5,0.6,"A('P', 'M')|B('P', 'M')","A('P', 'M')|B('P', 'M')",1,1,True,False,False,False,False,False,2.1928832886574043,2.1928832886574043,2.1928832886574043,2.1928832886574043,2.7771197877393385
Medium,0.6,2.5,0.65,"A('P', 'M')|B('P', 'M')","A('P', 'M')|B('P', 'M')",1,1,True,False,False,False,False,False,2.1928832886574043,2.1928832886574043,2.1928832886574043,2.1928832886574043,2.7771197877393385
Medium,0.6,2.5,0.7,"A('P', 'M')|B('P', 'M')","A('P', 'M')|B('P', 'M')",1,1,True,False,False,False,False,False,2.1928832886574043,2.1928832886574043,2.1928832886574043,2.1928832886574043,2.7771197877393385
Medium,0.6,2.5,0.75,"A('P', 'M')|B('P', 'M')","A('P', 'M')|B('P', 'M')",1,1,True,False,False,False,False,False,2.1928832886574043,2.1928832886574043,2.1928832886574043,2.1928832886574043,2.7771197877393385
Medium,0.6,2.5,0.8,"A('P', 'M')|B('P', 'M')","A('P', 'M')|B('P', 'M')",1,1,True,False,False,False,False,False,2.1928832886574043,2.1928832886574043,2.1928832886574043,2.1928832886574043,2.7771197877393385
Medium,0.6,2.5,0.85,"A('P', 'M')|B('P', 'M')","A('P', 'M')|B('P', 'M')",1,1,True,False,False,False,False,False,2.1928832886574043,2.1928832886574043,2.1928832886574043,2.1928832886574043,2.7771197877393385
Medium,0.6,2.5,0.9,"A('P', 'M')|B('P', 'M')","A('P', 'M')|B('P', 'M')",1,1,True,False,False,False,False,False,2.1928832886574043,2.1928832886574043,2.1928832886574043,2.1928832886574043,2.7771197877393385
Medium,0.6,2.5,0.95,"A('P', 'M')|B('P', 'M')","A('P', 'M')|B('P', 'M')",1,1,True,False,False,False,False,False,2.1928832886574043,2.1928832886574043,2.1928832886574043,2.1928832886574043,2.7771197877393385
Medium,0.6,2.5,1.0,"A('P', 'M')|B('P', 'M')","A('P', 'M')|B('P', 'M')",1,1,True,False,False,False,False,False,2.1928832886574043,2.1928832886574043,2.1928832886574043,2.1928832886574043,2.7771197877393385
Medium,0.6,2.6,0.1,"A('P', 'M')|B('P', 'M')","A('P', 'M')|B('P', 'M');A('P', 'P')|B('P', 'P')",1,2,False,False,True,True,True,False,2.1928832886574043,2.1928832886574043,2.089085029457019,2.1928832886574043,2.7521197877393386
Medium,0.6,2.6,0.15,"A('P', 'M')|B('P', 'M')","A('P', 'M')|B('P', 'M')",1,1,True,False,False,False,False,False,2.1928832886574043,2.1928832886574043,2.1928832886574043,2.1928832886574043,2.7521197877393386
Medium,0.6,2.6,0.2,"A('P', 'M')|B('P', 'M')","A('P', 'M')|B('P', 'M')",1,1,True,False,False,False,False,False,2.1928832886574043,2.1928832886574043,2.1928832886574043,2.1928832886574043,2.7521197877393386
Medium,0.6,2.6,0.25,"A('P', 'M')|B('P', 'M')","A('P', 'M')|B('P', 'M')",1,1,True,False,False,False,False,False,2.1928832886574043,2.1928832886574043,2.1928832886574043,2.1928832886574043,2.7521197877393386
Medium,0.6,2.6,0.3,"A('P', 'M')|B('P', 'M')","A('P', 'M')|B('P', 'M')",1,1,True,False,False,False,False,False,2.1928832886574043,2.1928832886574043,2.1928832886574043,2.1928832886574043,2.7521197877393386
Medium,0.6,2.6,0.35,"A('P', 'M')|B('P', 'M')","A('P', 'M')|B('P', 'M')",1,1,True,False,False,False,False,False,2.1928832886574043,2.1928832886574043,2.1928832886574043,2.1928832886574043,2.7521197877393386
Medium,0.6,2.6,0.4,"A('P', 'M')|B('P', 'M')","A('P', 'M')|B('P', 'M')",1,1,True,False,False,False,False,False,2.1928832886574043,2.1928832886574043,2.1928832886574043,2.1928832886574043,2.7521197877393386
Medium,0.6,2.6,0.45,"A('P', 'M')|B('P', 'M')","A('P', 'M')|B('P', 'M')",1,1,True,False,False,False,False,False,2.1928832886574043,2.1928832886574043,2.1928832886574043,2.1928832886574043,2.7521197877393386
Medium,0.6,2.6,0.5,"A('P', 'M')|B('P', 'M')","A('P', 'M')|B('P', 'M')",1,1,True,False,False,False,False,False,2.1928832886574043,2.1928832886574043,2.1928832886574043,2.1928832886574043,2.7521197877393386
Medium,0.6,2.6,0.55,"A('P', 'M')|B('P', 'M')","A('P', 'M')|B('P', 'M')",1,1,True,False,False,False,False,False,2.1928832886574043,2.1928832886574043,2.1928832886574043,2.1928832886574043,2.7521197877393386
Medium,0.6,2.6,0.6,"A('P', 'M')|B('P', 'M')","A('P', 'M')|B('P', 'M')",1,1,True,False,False,False,False,False,2.1928832886574043,2.1928832886574043,2.1928832886574043,2.1928832886574043,2.7521197877393386
Medium,0.6,2.6,0.65,"A('P', 'M')|B('P', 'M')","A('P', 'M')|B('P', 'M')",1,1,True,False,False,False,False,False,2.1928832886574043,2.1928832886574043,2.1928832886574043,2.1928832886574043,2.7521197877393386
Medium,0.6,2.6,0.7,"A('P', 'M')|B('P', 'M')","A('P', 'M')|B('P', 'M')",1,1,True,False,False,False,False,False,2.1928832886574043,2.1928832886574043,2.1928832886574043,2.1928832886574043,2.7521197877393386
Medium,0.6,2.6,0.75,"A('P', 'M')|B('P', 'M')","A('P', 'M')|B('P', 'M')",1,1,True,False,False,False,False,False,2.1928832886574043,2.1928832886574043,2.1928832886574043,2.1928832886574043,2.7521197877393386
Medium,0.6,2.6,0.8,"A('P', 'M')|B('P', 'M')","A('P', 'M')|B('P', 'M')",1,1,True,False,False,False,False,False,2.1928832886574043,2.1928832886574043,2.1928832886574043,2.1928832886574043,2.7521197877393386
Medium,0.6,2.6,0.85,"A('P', 'M')|B('P', 'M')","A('P', 'M')|B('P', 'M')",1,1,True,False,False,False,False,False,2.1928832886574043,2.1928832886574043,2.1928832886574043,2.1928832886574043,2.7521197877393386
Medium,0.6,2.6,0.9,"A('P', 'M')|B('P', 'M')","A('P', 'M')|B('P', 'M')",1,1,True,False,False,False,False,False,2.1928832886574043,2.1928832886574043,2.1928832886574043,2.1928832886574043,2.7521197877393386
Medium,0.6,2.6,0.95,"A('P', 'M')|B('P', 'M')","A('P', 'M')|B('P', 'M')",1,1,True,False,False,False,False,False,2.1928832886574043,2.1928832886574043,2.1928832886574043,2.1928832886574043,2.7521197877393386
Medium,0.6,2.6,1.0,"A('P', 'M')|B('P', 'M')","A('P', 'M')|B('P', 'M')",1,1,True,False,False,False,False,False,2.1928832886574043,2.1928832886574043,2.1928832886574043,2.1928832886574043,2.7521197877393386
Medium,0.6,2.7,0.1,"A('P', 'M')|B('P', 'M')","A('P', 'M')|B('P', 'M')",1,1,True,False,False,False,False,False,2.1928832886574043,2.1928832886574043,2.1928832886574043,2.1928832886574043,2.7271197877393387
Medium,0.6,2.7,0.15,"A('P', 'M')|B('P', 'M')","A('P', 'M')|B('P', 'M')",1,1,True,False,False,False,False,False,2.1928832886574043,2.1928832886574043,2.1928832886574043,2.1928832886574043,2.7271197877393387
Medium,0.6,2.7,0.2,"A('P', 'M')|B('P', 'M')","A('P', 'M')|B('P', 'M')",1,1,True,False,False,False,False,False,2.1928832886574043,2.1928832886574043,2.1928832886574043,2.1928832886574043,2.7271197877393387
Medium,0.6,2.7,0.25,"A('P', 'M')|B('P', 'M')","A('P', 'M')|B('P', 'M')",1,1,True,False,False,False,False,False,2.1928832886574043,2.1928832886574043,2.1928832886574043,2.1928832886574043,2.7271197877393387
Medium,0.6,2.7,0.3,"A('P', 'M')|B('P', 'M')","A('P', 'M')|B('P', 'M')",1,1,True,False,False,False,False,False,2.1928832886574043,2.1928832886574043,2.1928832886574043,2.1928832886574043,2.7271197877393387
Medium,0.6,2.7,0.35,"A('P', 'M')|B('P', 'M')","A('P', 'M')|B('P', 'M')",1,1,True,False,False,False,False,False,2.1928832886574043,2.1928832886574043,2.1928832886574043,2.1928832886574043,2.7271197877393387
Medium,0.6,2.7,0.4,"A('P', 'M')|B('P', 'M')","A('P', 'M')|B('P', 'M')",1,1,True,False,False,False,False,False,2.1928832886574043,2.1928832886574043,2.1928832886574043,2.1928832886574043,2.7271197877393387
Medium,0.6,2.7,0.45,"A('P', 'M')|B('P', 'M')","A('P', 'M')|B('P', 'M')",1,1,True,False,False,False,False,False,2.1928832886574043,2.1928832886574043,2.1928832886574043,2.1928832886574043,2.7271197877393387
Medium,0.6,2.7,0.5,"A('P', 'M')|B('P', 'M')","A('P', 'M')|B('P', 'M')",1,1,True,False,False,False,False,False,2.1928832886574043,2.1928832886574043,2.1928832886574043,2.1928832886574043,2.7271197877393387
Medium,0.6,2.7,0.55,"A('P', 'M')|B('P', 'M')","A('P', 'M')|B('P', 'M')",1,1,True,False,False,False,False,False,2.1928832886574043,2.1928832886574043,2.1928832886574043,2.1928832886574043,2.7271197877393387
Medium,0.6,2.7,0.6,"A('P', 'M')|B('P', 'M')","A('P', 'M')|B('P', 'M')",1,1,True,False,False,False,False,False,2.1928832886574043,2.1928832886574043,2.1928832886574043,2.1928832886574043,2.7271197877393387
Medium,0.6,2.7,0.65,"A('P', 'M')|B('P', 'M')","A('P', 'M')|B('P', 'M')",1,1,True,False,False,False,False,False,2.1928832886574043,2.1928832886574043,2.1928832886574043,2.1928832886574043,2.7271197877393387
Medium,0.6,2.7,0.7,"A('P', 'M')|B('P', 'M')","A('P', 'M')|B('P', 'M')",1,1,True,False,False,False,False,False,2.1928832886574043,2.1928832886574043,2.1928832886574043,2.1928832886574043,2.7271197877393387
Medium,0.6,2.7,0.75,"A('P', 'M')|B('P', 'M')","A('P', 'M')|B('P', 'M')",1,1,True,False,False,False,False,False,2.1928832886574043,2.1928832886574043,2.1928832886574043,2.1928832886574043,2.7271197877393387
Medium,0.6,2.7,0.8,"A('P', 'M')|B('P', 'M')","A('P', 'M')|B('P', 'M')",1,1,True,False,False,False,False,False,2.1928832886574043,2.1928832886574043,2.1928832886574043,2.1928832886574043,2.7271197877393387
Medium,0.6,2.7,0.85,"A('P', 'M')|B('P', 'M')","A('P', 'M')|B('P', 'M')",1,1,True,False,False,False,False,False,2.1928832886574043,2.1928832886574043,2.1928832886574043,2.1928832886574043,2.7271197877393387
Medium,0.6,2.7,0.9,"A('P', 'M')|B('P', 'M')","A('P', 'M')|B('P', 'M')",1,1,True,False,False,False,False,False,2.1928832886574043,2.1928832886574043,2.1928832886574043,2.1928832886574043,2.7271197877393387
Medium,0.6,2.7,0.95,"A('P', 'M')|B('P', 'M')","A('P', 'M')|B('P', 'M')",1,1,True,False,False,False,False,False,2.1928832886574043,2.1928832886574043,2.1928832886574043,2.1928832886574043,2.7271197877393387
Medium,0.6,2.7,1.0,"A('P', 'M')|B('P', 'M')","A('P', 'M')|B('P', 'M')",1,1,True,False,False,False,False,False,2.1928832886574043,2.1928832886574043,2.1928832886574043,2.1928832886574043,2.7271197877393387
Medium,0.6,2.8,0.1,"A('P', 'M')|B('P', 'M')","A('P', 'M')|B('P', 'M')",1,1,True,False,False,False,False,False,2.1928832886574043,2.1928832886574043,2.1928832886574043,2.1928832886574043,2.702119787739339
Medium,0.6,2.8,0.15,"A('P', 'M')|B('P', 'M')","A('P', 'M')|B('P', 'M')",1,1,True,False,False,False,False,False,2.1928832886574043,2.1928832886574043,2.1928832886574043,2.1928832886574043,2.702119787739339
Medium,0.6,2.8,0.2,"A('P', 'M')|B('P', 'M')","A('P', 'M')|B('P', 'M')",1,1,True,False,False,False,False,False,2.1928832886574043,2.1928832886574043,2.1928832886574043,2.1928832886574043,2.702119787739339
Medium,0.6,2.8,0.25,"A('P', 'M')|B('P', 'M')","A('P', 'M')|B('P', 'M')",1,1,True,False,False,False,False,False,2.1928832886574043,2.1928832886574043,2.1928832886574043,2.1928832886574043,2.702119787739339
Medium,0.6,2.8,0.3,"A('P', 'M')|B('P', 'M')","A('P', 'M')|B('P', 'M')",1,1,True,False,False,False,False,False,2.1928832886574043,2.1928832886574043,2.1928832886574043,2.1928832886574043,2.702119787739339
Medium,0.6,2.8,0.35,"A('P', 'M')|B('P', 'M')","A('P', 'M')|B('P', 'M')",1,1,True,False,False,False,False,False,2.1928832886574043,2.1928832886574043,2.1928832886574043,2.1928832886574043,2.702119787739339
Medium,0.6,2.8,0.4,"A('P', 'M')|B('P', 'M')","A('P', 'M')|B('P', 'M')",1,1,True,False,False,False,False,False,2.1928832886574043,2.1928832886574043,2.1928832886574043,2.1928832886574043,2.702119787739339
Medium,0.6,2.8,0.45,"A('P', 'M')|B('P', 'M')","A('P', 'M')|B('P', 'M')",1,1,True,False,False,False,False,False,2.1928832886574043,2.1928832886574043,2.1928832886574043,2.1928832886574043,2.702119787739339
Medium,0.6,2.8,0.5,"A('P', 'M')|B('P', 'M')","A('P', 'M')|B('P', 'M')",1,1,True,False,False,False,False,False,2.1928832886574043,2.1928832886574043,2.1928832886574043,2.1928832886574043,2.702119787739339
Medium,0.6,2.8,0.55,"A('P', 'M')|B('P', 'M')","A('P', 'M')|B('P', 'M')",1,1,True,False,False,False,False,False,2.1928832886574043,2.1928832886574043,2.1928832886574043,2.1928832886574043,2.702119787739339
Medium,0.6,2.8,0.6,"A('P', 'M')|B('P', 'M')","A('P', 'M')|B('P', 'M')",1,1,True,False,False,False,False,False,2.1928832886574043,2.1928832886574043,2.1928832886574043,2.1928832886574043,2.702119787739339
Medium,0.6,2.8,0.65,"A('P', 'M')|B('P', 'M')","A('P', 'M')|B('P', 'M')",1,1,True,False,False,False,False,False,2.1928832886574043,2.1928832886574043,2.1928832886574043,2.1928832886574043,2.702119787739339
Medium,0.6,2.8,0.7,"A('P', 'M')|B('P', 'M')","A('P', 'M')|B('P', 'M')",1,1,True,False,False,False,False,False,2.1928832886574043,2.1928832886574043,2.1928832886574043,2.1928832886574043,2.702119787739339
Medium,0.6,2.8,0.75,"A('P', 'M')|B('P', 'M')","A('P', 'M')|B('P', 'M')",1,1,True,False,False,False,False,False,2.1928832886574043,2.1928832886574043,2.1928832886574043,2.1928832886574043,2.702119787739339
Medium,0.6,2.8,0.8,"A('P', 'M')|B('P', 'M')","A('P', 'M')|B('P', 'M')",1,1,True,False,False,False,False,False,2.1928832886574043,2.1928832886574043,2.1928832886574043,2.1928832886574043,2.702119787739339
Medium,0.6,2.8,0.85,"A('P', 'M')|B('P', 'M')","A('P', 'M')|B('P', 'M')",1,1,True,False,False,False,False,False,2.1928832886574043,2.1928832886574043,2.1928832886574043,2.1928832886574043,2.702119787739339
Medium,0.6,2.8,0.9,"A('P', 'M')|B('P', 'M')","A('P', 'M')|B('P', 'M')",1,1,True,False,False,False,False,False,2.1928832886574043,2.1928832886574043,2.1928832886574043,2.1928832886574043,2.702119787739339
Medium,0.6,2.8,0.95,"A('P', 'M')|B('P', 'M')","A('P', 'M')|B('P', 'M')",1,1,True,False,False,False,False,False,2.1928832886574043,2.1928832886574043,2.1928832886574043,2.1928832886574043,2.702119787739339
Medium,0.6,2.8,1.0,"A('P', 'M')|B('P', 'M')","A('P', 'M')|B('P', 'M')",1,1,True,False,False,False,False,False,2.1928832886574043,2.1928832886574043,2.1928832886574043,2.1928832886574043,2.702119787739339
Medium,0.6,2.9,0.1,"A('P', 'M')|B('P', 'M')","A('P', 'M')|B('P', 'M')",1,1,True,False,False,False,False,False,2.1928832886574043,2.1928832886574043,2.1928832886574043,2.1928832886574043,2.677119787739339
Medium,0.6,2.9,0.15,"A('P', 'M')|B('P', 'M')","A('P', 'M')|B('P', 'M')",1,1,True,False,False,False,False,False,2.1928832886574043,2.1928832886574043,2.1928832886574043,2.1928832886574043,2.677119787739339
Medium,0.6,2.9,0.2,"A('P', 'M')|B('P', 'M')","A('P', 'M')|B('P', 'M')",1,1,True,False,False,False,False,False,2.1928832886574043,2.1928832886574043,2.1928832886574043,2.1928832886574043,2.677119787739339
Medium,0.6,2.9,0.25,"A('P', 'M')|B('P', 'M')","A('P', 'M')|B('P', 'M')",1,1,True,False,False,False,False,False,2.1928832886574043,2.1928832886574043,2.1928832886574043,2.1928832886574043,2.677119787739339
Medium,0.6,2.9,0.3,"A('P', 'M')|B('P', 'M')","A('P', 'M')|B('P', 'M')",1,1,True,False,False,False,False,False,2.1928832886574043,2.1928832886574043,2.1928832886574043,2.1928832886574043,2.677119787739339
Medium,0.6,2.9,0.35,"A('P', 'M')|B('P', 'M')","A('P', 'M')|B('P', 'M')",1,1,True,False,False,False,False,False,2.1928832886574043,2.1928832886574043,2.1928832886574043,2.1928832886574043,2.677119787739339
Medium,0.6,2.9,0.4,"A('P', 'M')|B('P', 'M')","A('P', 'M')|B('P', 'M')",1,1,True,False,False,False,False,False,2.1928832886574043,2.1928832886574043,2.1928832886574043,2.1928832886574043,2.677119787739339
Medium,0.6,2.9,0.45,"A('P', 'M')|B('P', 'M')","A('P', 'M')|B('P', 'M')",1,1,True,False,False,False,False,False,2.1928832886574043,2.1928832886574043,2.1928832886574043,2.1928832886574043,2.677119787739339
Medium,0.6,2.9,0.5,"A('P', 'M')|B('P', 'M')","A('P', 'M')|B('P', 'M')",1,1,True,False,False,False,False,False,2.1928832886574043,2.1928832886574043,2.1928832886574043,2.1928832886574043,2.677119787739339
Medium,0.6,2.9,0.55,"A('P', 'M')|B('P', 'M')","A('P', 'M')|B('P', 'M')",1,1,True,False,False,False,False,False,2.1928832886574043,2.1928832886574043,2.1928832886574043,2.1928832886574043,2.677119787739339
Medium,0.6,2.9,0.6,"A('P', 'M')|B('P', 'M')","A('P', 'M')|B('P', 'M')",1,1,True,False,False,False,False,False,2.1928832886574043,2.1928832886574043,2.1928832886574043,2.1928832886574043,2.677119787739339
Medium,0.6,2.9,0.65,"A('P', 'M')|B('P', 'M')","A('P', 'M')|B('P', 'M')",1,1,True,False,False,False,False,False,2.1928832886574043,2.1928832886574043,2.1928832886574043,2.1928832886574043,2.677119787739339
Medium,0.6,2.9,0.7,"A('P', 'M')|B('P', 'M')","A('P', 'M')|B('P', 'M')",1,1,True,False,False,False,False,False,2.1928832886574043,2.1928832886574043,2.1928832886574043,2.1928832886574043,2.677119787739339
Medium,0.6,2.9,0.75,"A('P', 'M')|B('P', 'M')","A('P', 'M')|B('P', 'M')",1,1,True,False,False,False,False,False,2.1928832886574043,2.1928832886574043,2.1928832886574043,2.1928832886574043,2.677119787739339
Medium,0.6,2.9,0.8,"A('P', 'M')|B('P', 'M')","A('P', 'M')|B('P', 'M')",1,1,True,False,False,False,False,False,2.1928832886574043,2.1928832886574043,2.1928832886574043,2.1928832886574043,2.677119787739339
Medium,0.6,2.9,0.85,"A('P', 'M')|B('P', 'M')","A('P', 'M')|B('P', 'M')",1,1,True,False,False,False,False,False,2.1928832886574043,2.1928832886574043,2.1928832886574043,2.1928832886574043,2.677119787739339
Medium,0.6,2.9,0.9,"A('P', 'M')|B('P', 'M')","A('P', 'M')|B('P', 'M')",1,1,True,False,False,False,False,False,2.1928832886574043,2.1928832886574043,2.1928832886574043,2.1928832886574043,2.677119787739339
Medium,0.6,2.9,0.95,"A('P', 'M')|B('P', 'M')","A('P', 'M')|B('P', 'M')",1,1,True,False,False,False,False,False,2.1928832886574043,2.1928832886574043,2.1928832886574043,2.1928832886574043,2.677119787739339
Medium,0.6,2.9,1.0,"A('P', 'M')|B('P', 'M')","A('P', 'M')|B('P', 'M')",1,1,True,False,False,False,False,False,2.1928832886574043,2.1928832886574043,2.1928832886574043,2.1928832886574043,2.677119787739339
Medium,0.6,3.0,0.1,"A('P', 'M')|B('P', 'M')","A('P', 'M')|B('P', 'M')",1,1,True,False,False,False,False,False,2.1928832886574043,2.1928832886574043,2.1928832886574043,2.1928832886574043,2.6521197877393385
Medium,0.6,3.0,0.15,"A('P', 'M')|B('P', 'M')","A('P', 'M')|B('P', 'M')",1,1,True,False,False,False,False,False,2.1928832886574043,2.1928832886574043,2.1928832886574043,2.1928832886574043,2.6521197877393385
Medium,0.6,3.0,0.2,"A('P', 'M')|B('P', 'M')","A('P', 'M')|B('P', 'M')",1,1,True,False,False,False,False,False,2.1928832886574043,2.1928832886574043,2.1928832886574043,2.1928832886574043,2.6521197877393385
Medium,0.6,3.0,0.25,"A('P', 'M')|B('P', 'M')","A('P', 'M')|B('P', 'M')",1,1,True,False,False,False,False,False,2.1928832886574043,2.1928832886574043,2.1928832886574043,2.1928832886574043,2.6521197877393385
Medium,0.6,3.0,0.3,"A('P', 'M')|B('P', 'M')","A('P', 'M')|B('P', 'M')",1,1,True,False,False,False,False,False,2.1928832886574043,2.1928832886574043,2.1928832886574043,2.1928832886574043,2.6521197877393385
Medium,0.6,3.0,0.35,"A('P', 'M')|B('P', 'M')","A('P', 'M')|B('P', 'M')",1,1,True,False,False,False,False,False,2.1928832886574043,2.1928832886574043,2.1928832886574043,2.1928832886574043,2.6521197877393385
Medium,0.6,3.0,0.4,"A('P', 'M')|B('P', 'M')","A('P', 'M')|B('P', 'M')",1,1,True,False,False,False,False,False,2.1928832886574043,2.1928832886574043,2.1928832886574043,2.1928832886574043,2.6521197877393385
Medium,0.6,3.0,0.45,"A('P', 'M')|B('P', 'M')","A('P', 'M')|B('P', 'M')",1,1,True,False,False,False,False,False,2.1928832886574043,2.1928832886574043,2.1928832886574043,2.1928832886574043,2.6521197877393385
Medium,0.6,3.0,0.5,"A('P', 'M')|B('P', 'M')","A('P', 'M')|B('P', 'M')",1,1,True,False,False,False,False,False,2.1928832886574043,2.1928832886574043,2.1928832886574043,2.1928832886574043,2.6521197877393385
Medium,0.6,3.0,0.55,"A('P', 'M')|B('P', 'M')","A('P', 'M')|B('P', 'M')",1,1,True,False,False,False,False,False,2.1928832886574043,2.1928832886574043,2.1928832886574043,2.1928832886574043,2.6521197877393385
Medium,0.6,3.0,0.6,"A('P', 'M')|B('P', 'M')","A('P', 'M')|B('P', 'M')",1,1,True,False,False,False,False,False,2.1928832886574043,2.1928832886574043,2.1928832886574043,2.1928832886574043,2.6521197877393385
Medium,0.6,3.0,0.65,"A('P', 'M')|B('P', 'M')","A('P', 'M')|B('P', 'M')",1,1,True,False,False,False,False,False,2.1928832886574043,2.1928832886574043,2.1928832886574043,2.1928832886574043,2.6521197877393385
Medium,0.6,3.0,0.7,"A('P', 'M')|B('P', 'M')","A('P', 'M')|B('P', 'M')",1,1,True,False,False,False,False,False,2.1928832886574043,2.1928832886574043,2.1928832886574043,2.1928832886574043,2.6521197877393385
Medium,0.6,3.0,0.75,"A('P', 'M')|B('P', 'M')","A('P', 'M')|B('P', 'M')",1,1,True,False,False,False,False,False,2.1928832886574043,2.1928832886574043,2.1928832886574043,2.1928832886574043,2.6521197877393385
Medium,0.6,3.0,0.8,"A('P', 'M')|B('P', 'M')","A('P', 'M')|B('P', 'M')",1,1,True,False,False,False,False,False,2.1928832886574043,2.1928832886574043,2.1928832886574043,2.1928832886574043,2.6521197877393385
Medium,0.6,3.0,0.85,"A('P', 'M')|B('P', 'M')","A('P', 'M')|B('P', 'M')",1,1,True,False,False,False,False,False,2.1928832886574043,2.1928832886574043,2.1928832886574043,2.1928832886574043,2.6521197877393385
Medium,0.6,3.0,0.9,"A('P', 'M')|B('P', 'M')","A('P', 'M')|B('P', 'M')",1,1,True,False,False,False,False,False,2.1928832886574043,2.1928832886574043,2.1928832886574043,2.1928832886574043,2.6521197877393385
Medium,0.6,3.0,0.95,"A('P', 'M')|B('P', 'M')","A('P', 'M')|B('P', 'M')",1,1,True,False,False,False,False,False,2.1928832886574043,2.1928832886574043,2.1928832886574043,2.1928832886574043,2.6521197877393385
Medium,0.6,3.0,1.0,"A('P', 'M')|B('P', 'M')","A('P', 'M')|B('P', 'M')",1,1,True,False,False,False,False,False,2.1928832886574043,2.1928832886574043,2.1928832886574043,2.1928832886574043,2.6521197877393385
High,1.0,1.1,0.1,"A('P', 'P')|B('P', 'P')","A('P', 'P')|B('P', 'P')",1,1,True,False,False,False,False,False,7.381808382428366,7.381808382428366,7.381808382428366,7.381808382428366,8.015547597773553
High,1.0,1.1,0.15,"A('P', 'P')|B('P', 'P')","A('P', 'P')|B('P', 'P')",1,1,True,False,False,False,False,False,7.381808382428366,7.381808382428366,7.381808382428366,7.381808382428366,8.015547597773553
High,1.0,1.1,0.2,"A('P', 'P')|B('P', 'P')","A('P', 'P')|B('P', 'P')",1,1,True,False,False,False,False,False,7.381808382428366,7.381808382428366,7.381808382428366,7.381808382428366,8.015547597773553
High,1.0,1.1,0.25,"A('P', 'P')|B('P', 'P')","A('P', 'P')|B('P', 'P')",1,1,True,False,False,False,False,False,7.381808382428366,7.381808382428366,7.381808382428366,7.381808382428366,8.015547597773553
High,1.0,1.1,0.3,"A('P', 'P')|B('P', 'P')","A('P', 'P')|B('P', 'P')",1,1,True,False,False,False,False,False,7.381808382428366,7.381808382428366,7.381808382428366,7.381808382428366,8.015547597773553
High,1.0,1.1,0.35,"A('P', 'P')|B('P', 'P')","A('P', 'P')|B('P', 'P')",1,1,True,False,False,False,False,False,7.381808382428366,7.381808382428366,7.381808382428366,7.381808382428366,8.015547597773553
High,1.0,1.1,0.4,"A('P', 'P')|B('P', 'P')","A('P', 'P')|B('P', 'P')",1,1,True,False,False,False,False,False,7.381808382428366,7.381808382428366,7.381808382428366,7.381808382428366,8.015547597773553
High,1.0,1.1,0.45,"A('P', 'P')|B('P', 'P')","A('P', 'P')|B('P', 'P')",1,1,True,False,False,False,False,False,7.381808382428366,7.381808382428366,7.381808382428366,7.381808382428366,8.015547597773553
High,1.0,1.1,0.5,"A('P', 'P')|B('P', 'P')","A('P', 'P')|B('P', 'P')",1,1,True,False,False,False,False,False,7.381808382428366,7.381808382428366,7.381808382428366,7.381808382428366,8.015547597773553
High,1.0,1.1,0.55,"A('P', 'P')|B('P', 'P')","A('P', 'P')|B('P', 'P')",1,1,True,False,False,False,False,False,7.381808382428366,7.381808382428366,7.381808382428366,7.381808382428366,8.015547597773553
High,1.0,1.1,0.6,"A('P', 'P')|B('P', 'P')","A('P', 'P')|B('P', 'P')",1,1,True,False,False,False,False,False,7.381808382428366,7.381808382428366,7.381808382428366,7.381808382428366,8.015547597773553
High,1.0,1.1,0.65,"A('P', 'P')|B('P', 'P')","A('P', 'P')|B('P', 'P')",1,1,True,False,False,False,False,False,7.381808382428366,7.381808382428366,7.381808382428366,7.381808382428366,8.015547597773553
High,1.0,1.1,0.7,"A('P', 'P')|B('P', 'P')","A('P', 'P')|B('P', 'P')",1,1,True,False,False,False,False,False,7.381808382428366,7.381808382428366,7.381808382428366,7.381808382428366,8.015547597773553
High,1.0,1.1,0.75,"A('P', 'P')|B('P', 'P')","A('P', 'P')|B('P', 'P')",1,1,True,False,False,False,False,False,7.381808382428366,7.381808382428366,7.381808382428366,7.381808382428366,8.015547597773553
High,1.0,1.1,0.8,"A('P', 'P')|B('P', 'P')","A('P', 'P')|B('P', 'P')",1,1,True,False,False,False,False,False,7.381808382428366,7.381808382428366,7.381808382428366,7.381808382428366,8.015547597773553
High,1.0,1.1,0.85,"A('P', 'P')|B('P', 'P')","A('P', 'P')|B('P', 'P')",1,1,True,False,False,False,False,False,7.381808382428366,7.381808382428366,7.381808382428366,7.381808382428366,8.015547597773553
High,1.0,1.1,0.9,"A('P', 'P')|B('P', 'P')","A('P', 'P')|B('P', 'P')",1,1,True,False,False,False,False,False,7.381808382428366,7.381808382428366,7.381808382428366,7.381808382428366,8.015547597773553
High,1.0,1.1,0.95,"A('P', 'P')|B('P', 'P')","A('P', 'P')|B('P', 'P')",1,1,True,False,False,False,False,False,7.381808382428366,7.381808382428366,7.381808382428366,7.381808382428366,8.015547597773553
High,1.0,1.1,1.0,"A('P', 'P')|B('P', 'P')","A('P', 'P')|B('P', 'P')",1,1,True,False,False,False,False,False,7.381808382428366,7.381808382428366,7.381808382428366,7.381808382428366,8.015547597773553
High,1.0,1.2,0.1,"A('P', 'P')|B('P', 'P')","A('P', 'P')|B('P', 'P')",1,1,True,False,False,False,False,False,7.281808382428366,7.281808382428366,7.281808382428366,7.281808382428366,7.878047597773552
High,1.0,1.2,0.15,"A('P', 'P')|B('P', 'P')","A('P', 'P')|B('P', 'P')",1,1,True,False,False,False,False,False,7.281808382428366,7.281808382428366,7.281808382428366,7.281808382428366,7.878047597773552
High,1.0,1.2,0.2,"A('P', 'P')|B('P', 'P')","A('P', 'P')|B('P', 'P')",1,1,True,False,False,False,False,False,7.281808382428366,7.281808382428366,7.281808382428366,7.281808382428366,7.878047597773552
High,1.0,1.2,0.25,"A('P', 'P')|B('P', 'P')","A('P', 'P')|B('P', 'P')",1,1,True,False,False,False,False,False,7.281808382428366,7.281808382428366,7.281808382428366,7.281808382428366,7.878047597773552
High,1.0,1.2,0.3,"A('P', 'P')|B('P', 'P')","A('P', 'P')|B('P', 'P')",1,1,True,False,False,False,False,False,7.281808382428366,7.281808382428366,7.281808382428366,7.281808382428366,7.878047597773552
High,1.0,1.2,0.35,"A('P', 'P')|B('P', 'P')","A('P', 'P')|B('P', 'P')",1,1,True,False,False,False,False,False,7.281808382428366,7.281808382428366,7.281808382428366,7.281808382428366,7.878047597773552
High,1.0,1.2,0.4,"A('P', 'P')|B('P', 'P')","A('P', 'P')|B('P', 'P')",1,1,True,False,False,False,False,False,7.281808382428366,7.281808382428366,7.281808382428366,7.281808382428366,7.878047597773552
High,1.0,1.2,0.45,"A('P', 'P')|B('P', 'P')","A('P', 'P')|B('P', 'P')",1,1,True,False,False,False,False,False,7.281808382428366,7.281808382428366,7.281808382428366,7.281808382428366,7.878047597773552
High,1.0,1.2,0.5,"A('P', 'P')|B('P', 'P')","A('P', 'P')|B('P', 'P')",1,1,True,False,False,False,False,False,7.281808382428366,7.281808382428366,7.281808382428366,7.281808382428366,7.878047597773552
High,1.0,1.2,0.55,"A('P', 'P')|B('P', 'P')","A('P', 'P')|B('P', 'P')",1,1,True,False,False,False,False,False,7.281808382428366,7.281808382428366,7.281808382428366,7.281808382428366,7.878047597773552
High,1.0,1.2,0.6,"A('P', 'P')|B('P', 'P')","A('P', 'P')|B('P', 'P')",1,1,True,False,False,False,False,False,7.281808382428366,7.281808382428366,7.281808382428366,7.281808382428366,7.878047597773552
High,1.0,1.2,0.65,"A('P', 'P')|B('P', 'P')","A('P', 'P')|B('P', 'P')",1,1,True,False,False,False,False,False,7.281808382428366,7.281808382428366,7.281808382428366,7.281808382428366,7.878047597773552
High,1.0,1.2,0.7,"A('P', 'P')|B('P', 'P')","A('P', 'P')|B('P', 'P')",1,1,True,False,False,False,False,False,7.281808382428366,7.281808382428366,7.281808382428366,7.281808382428366,7.878047597773552
High,1.0,1.2,0.75,"A('P', 'P')|B('P', 'P')","A('P', 'P')|B('P', 'P')",1,1,True,False,False,False,False,False,7.281808382428366,7.281808382428366,7.281808382428366,7.281808382428366,7.878047597773552
High,1.0,1.2,0.8,"A('P', 'P')|B('P', 'P')","A('P', 'P')|B('P', 'P')",1,1,True,False,False,False,False,False,7.281808382428366,7.281808382428366,7.281808382428366,7.281808382428366,7.878047597773552
High,1.0,1.2,0.85,"A('P', 'P')|B('P', 'P')","A('P', 'P')|B('P', 'P')",1,1,True,False,False,False,False,False,7.281808382428366,7.281808382428366,7.281808382428366,7.281808382428366,7.878047597773552
High,1.0,1.2,0.9,"A('P', 'P')|B('P', 'P')","A('P', 'P')|B('P', 'P')",1,1,True,False,False,False,False,False,7.281808382428366,7.281808382428366,7.281808382428366,7.281808382428366,7.878047597773552
High,1.0,1.2,0.95,"A('P', 'P')|B('P', 'P')","A('P', 'P')|B('P', 'P')",1,1,True,False,False,False,False,False,7.281808382428366,7.281808382428366,7.281808382428366,7.281808382428366,7.878047597773552
High,1.0,1.2,1.0,"A('P', 'P')|B('P', 'P')","A('P', 'P')|B('P', 'P')",1,1,True,False,False,False,False,False,7.281808382428366,7.281808382428366,7.281808382428366,7.281808382428366,7.878047597773552
High,1.0,1.3,0.1,"A('P', 'P')|B('P', 'P')","A('P', 'P')|B('P', 'P')",1,1,True,False,False,False,False,False,7.181808382428365,7.181808382428365,7.181808382428365,7.181808382428365,7.740547597773553
High,1.0,1.3,0.15,"A('P', 'P')|B('P', 'P')","A('P', 'P')|B('P', 'P')",1,1,True,False,False,False,False,False,7.181808382428365,7.181808382428365,7.181808382428365,7.181808382428365,7.740547597773553
High,1.0,1.3,0.2,"A('P', 'P')|B('P', 'P')","A('P', 'P')|B('P', 'P')",1,1,True,False,False,False,False,False,7.181808382428365,7.181808382428365,7.181808382428365,7.181808382428365,7.740547597773553
High,1.0,1.3,0.25,"A('P', 'P')|B('P', 'P')","A('P', 'P')|B('P', 'P')",1,1,True,False,False,False,False,False,7.181808382428365,7.181808382428365,7.181808382428365,7.181808382428365,7.740547597773553
High,1.0,1.3,0.3,"A('P', 'P')|B('P', 'P')","A('P', 'P')|B('P', 'P')",1,1,True,False,False,False,False,False,7.181808382428365,7.181808382428365,7.181808382428365,7.181808382428365,7.740547597773553
High,1.0,1.3,0.35,"A('P', 'P')|B('P', 'P')","A('P', 'P')|B('P', 'P')",1,1,True,False,False,False,False,False,7.181808382428365,7.181808382428365,7.181808382428365,7.181808382428365,7.740547597773553
High,1.0,1.3,0.4,"A('P', 'P')|B('P', 'P')","A('P', 'P')|B('P', 'P')",1,1,True,False,False,False,False,False,7.181808382428365,7.181808382428365,7.181808382428365,7.181808382428365,7.740547597773553
High,1.0,1.3,0.45,"A('P', 'P')|B('P', 'P')","A('P', 'P')|B('P', 'P')",1,1,True,False,False,False,False,False,7.181808382428365,7.181808382428365,7.181808382428365,7.181808382428365,7.740547597773553
High,1.0,1.3,0.5,"A('P', 'P')|B('P', 'P')","A('P', 'P')|B('P', 'P')",1,1,True,False,False,False,False,False,7.181808382428365,7.181808382428365,7.181808382428365,7.181808382428365,7.740547597773553
High,1.0,1.3,0.55,"A('P', 'P')|B('P', 'P')","A('P', 'P')|B('P', 'P')",1,1,True,False,False,False,False,False,7.181808382428365,7.181808382428365,7.181808382428365,7.181808382428365,7.740547597773553
High,1.0,1.3,0.6,"A('P', 'P')|B('P', 'P')","A('P', 'P')|B('P', 'P')",1,1,True,False,False,False,False,False,7.181808382428365,7.181808382428365,7.181808382428365,7.181808382428365,7.740547597773553
High,1.0,1.3,0.65,"A('P', 'P')|B('P', 'P')","A('P', 'P')|B('P', 'P')",1,1,True,False,False,False,False,False,7.181808382428365,7.181808382428365,7.181808382428365,7.181808382428365,7.740547597773553
High,1.0,1.3,0.7,"A('P', 'P')|B('P', 'P')","A('P', 'P')|B('P', 'P')",1,1,True,False,False,False,False,False,7.181808382428365,7.181808382428365,7.181808382428365,7.181808382428365,7.740547597773553
High,1.0,1.3,0.75,"A('P', 'P')|B('P', 'P')","A('P', 'P')|B('P', 'P')",1,1,True,False,False,False,False,False,7.181808382428365,7.181808382428365,7.181808382428365,7.181808382428365,7.740547597773553
High,1.0,1.3,0.8,"A('P', 'P')|B('P', 'P')","A('P', 'P')|B('P', 'P')",1,1,True,False,False,False,False,False,7.181808382428365,7.181808382428365,7.181808382428365,7.181808382428365,7.740547597773553
High,1.0,1.3,0.85,"A('P', 'P')|B('P', 'P')","A('P', 'P')|B('P', 'P')",1,1,True,False,False,False,False,False,7.181808382428365,7.181808382428365,7.181808382428365,7.181808382428365,7.740547597773553
High,1.0,1.3,0.9,"A('P', 'P')|B('P', 'P')","A('P', 'P')|B('P', 'P')",1,1,True,False,False,False,False,False,7.181808382428365,7.181808382428365,7.181808382428365,7.181808382428365,7.740547597773553
High,1.0,1.3,0.95,"A('P', 'P')|B('P', 'P')","A('P', 'P')|B('P', 'P')",1,1,True,False,False,False,False,False,7.181808382428365,7.181808382428365,7.181808382428365,7.181808382428365,7.740547597773553
High,1.0,1.3,1.0,"A('P', 'P')|B('P', 'P')","A('P', 'P')|B('P', 'P')",1,1,True,False,False,False,False,False,7.181808382428365,7.181808382428365,7.181808382428365,7.181808382428365,7.740547597773553
High,1.0,1.4,0.1,"A('P', 'P')|B('P', 'P')","A('P', 'P')|B('P', 'P')",1,1,True,False,False,False,False,False,7.081808382428365,7.081808382428365,7.081808382428365,7.081808382428365,7.6030475977735525
High,1.0,1.4,0.15,"A('P', 'P')|B('P', 'P')","A('P', 'P')|B('P', 'P')",1,1,True,False,False,False,False,False,7.081808382428365,7.081808382428365,7.081808382428365,7.081808382428365,7.6030475977735525
High,1.0,1.4,0.2,"A('P', 'P')|B('P', 'P')","A('P', 'P')|B('P', 'P')",1,1,True,False,False,False,False,False,7.081808382428365,7.081808382428365,7.081808382428365,7.081808382428365,7.6030475977735525
High,1.0,1.4,0.25,"A('P', 'P')|B('P', 'P')","A('P', 'P')|B('P', 'P')",1,1,True,False,False,False,False,False,7.081808382428365,7.081808382428365,7.081808382428365,7.081808382428365,7.6030475977735525
High,1.0,1.4,0.3,"A('P', 'P')|B('P', 'P')","A('P', 'P')|B('P', 'P')",1,1,True,False,False,False,False,False,7.081808382428365,7.081808382428365,7.081808382428365,7.081808382428365,7.6030475977735525
High,1.0,1.4,0.35,"A('P', 'P')|B('P', 'P')","A('P', 'P')|B('P', 'P')",1,1,True,False,False,False,False,False,7.081808382428365,7.081808382428365,7.081808382428365,7.081808382428365,7.6030475977735525
High,1.0,1.4,0.4,"A('P', 'P')|B('P', 'P')","A('P', 'P')|B('P', 'P')",1,1,True,False,False,False,False,False,7.081808382428365,7.081808382428365,7.081808382428365,7.081808382428365,7.6030475977735525
High,1.0,1.4,0.45,"A('P', 'P')|B('P', 'P')","A('P', 'P')|B('P', 'P')",1,1,True,False,False,False,False,False,7.081808382428365,7.081808382428365,7.081808382428365,7.081808382428365,7.6030475977735525
High,1.0,1.4,0.5,"A('P', 'P')|B('P', 'P')","A('P', 'P')|B('P', 'P')",1,1,True,False,False,False,False,False,7.081808382428365,7.081808382428365,7.081808382428365,7.081808382428365,7.6030475977735525
High,1.0,1.4,0.55,"A('P', 'P')|B('P', 'P')","A('P', 'P')|B('P', 'P')",1,1,True,False,False,False,False,False,7.081808382428365,7.081808382428365,7.081808382428365,7.081808382428365,7.6030475977735525
High,1.0,1.4,0.6,"A('P', 'P')|B('P', 'P')","A('P', 'P')|B('P', 'P')",1,1,True,False,False,False,False,False,7.081808382428365,7.081808382428365,7.081808382428365,7.081808382428365,7.6030475977735525
High,1.0,1.4,0.65,"A('P', 'P')|B('P', 'P')","A('P', 'P')|B('P', 'P')",1,1,True,False,False,False,False,False,7.081808382428365,7.081808382428365,7.081808382428365,7.081808382428365,7.6030475977735525
High,1.0,1.4,0.7,"A('P', 'P')|B('P', 'P')","A('P', 'P')|B('P', 'P')",1,1,True,False,False,False,False,False,7.081808382428365,7.081808382428365,7.081808382428365,7.081808382428365,7.6030475977735525
High,1.0,1.4,0.75,"A('P', 'P')|B('P', 'P')","A('P', 'P')|B('P', 'P')",1,1,True,False,False,False,False,False,7.081808382428365,7.081808382428365,7.081808382428365,7.081808382428365,7.6030475977735525
High,1.0,1.4,0.8,"A('P', 'P')|B('P', 'P')","A('P', 'P')|B('P', 'P')",1,1,True,False,False,False,False,False,7.081808382428365,7.081808382428365,7.081808382428365,7.081808382428365,7.6030475977735525
High,1.0,1.4,0.85,"A('P', 'P')|B('P', 'P')","A('P', 'P')|B('P', 'P')",1,1,True,False,False,False,False,False,7.081808382428365,7.081808382428365,7.081808382428365,7.081808382428365,7.6030475977735525
High,1.0,1.4,0.9,"A('P', 'P')|B('P', 'P')","A('P', 'P')|B('P', 'P')",1,1,True,False,False,False,False,False,7.081808382428365,7.081808382428365,7.081808382428365,7.081808382428365,7.6030475977735525
High,1.0,1.4,0.95,"A('P', 'P')|B('P', 'P')","A('P', 'P')|B('P', 'P')",1,1,True,False,False,False,False,False,7.081808382428365,7.081808382428365,7.081808382428365,7.081808382428365,7.6030475977735525
High,1.0,1.4,1.0,"A('P', 'P')|B('P', 'P')","A('P', 'P')|B('P', 'P')",1,1,True,False,False,False,False,False,7.081808382428365,7.081808382428365,7.081808382428365,7.081808382428365,7.6030475977735525
High,1.0,1.5,0.1,"A('P', 'P')|B('P', 'P')","A('P', 'P')|B('P', 'P')",1,1,True,False,False,False,False,False,6.981808382428365,6.981808382428365,6.981808382428365,6.981808382428365,7.485237793937255
High,1.0,1.5,0.15,"A('P', 'P')|B('P', 'P')","A('P', 'P')|B('P', 'P')",1,1,True,False,False,False,False,False,6.981808382428365,6.981808382428365,6.981808382428365,6.981808382428365,7.485237793937255
High,1.0,1.5,0.2,"A('P', 'P')|B('P', 'P')","A('P', 'P')|B('P', 'P')",1,1,True,False,False,False,False,False,6.981808382428365,6.981808382428365,6.981808382428365,6.981808382428365,7.485237793937255
High,1.0,1.5,0.25,"A('P', 'P')|B('P', 'P')","A('P', 'P')|B('P', 'P')",1,1,True,False,False,False,False,False,6.981808382428365,6.981808382428365,6.981808382428365,6.981808382428365,7.485237793937255
High,1.0,1.5,0.3,"A('P', 'P')|B('P', 'P')","A('P', 'P')|B('P', 'P')",1,1,True,False,False,False,False,False,6.981808382428365,6.981808382428365,6.981808382428365,6.981808382428365,7.485237793937255
High,1.0,1.5,0.35,"A('P', 'P')|B('P', 'P')","A('P', 'P')|B('P', 'P')",1,1,True,False,False,False,False,False,6.981808382428365,6.981808382428365,6.981808382428365,6.981808382428365,7.485237793937255
High,1.0,1.5,0.4,"A('P', 'P')|B('P', 'P')","A('P', 'P')|B('P', 'P')",1,1,True,False,False,False,False,False,6.981808382428365,6.981808382428365,6.981808382428365,6.981808382428365,7.485237793937255
High,1.0,1.5,0.45,"A('P', 'P')|B('P', 'P')","A('P', 'P')|B('P', 'P')",1,1,True,False,False,False,False,False,6.981808382428365,6.981808382428365,6.981808382428365,6.981808382428365,7.485237793937255
High,1.0,1.5,0.5,"A('P', 'P')|B('P', 'P')","A('P', 'P')|B('P', 'P')",1,1,True,False,False,False,False,False,6.981808382428365,6.981808382428365,6.981808382428365,6.981808382428365,7.485237793937255
High,1.0,1.5,0.55,"A('P', 'P')|B('P', 'P')","A('P', 'P')|B('P', 'P')",1,1,True,False,False,False,False,False,6.981808382428365,6.981808382428365,6.981808382428365,6.981808382428365,7.485237793937255
High,1.0,1.5,0.6,"A('P', 'P')|B('P', 'P')","A('P', 'P')|B('P', 'P')",1,1,True,False,False,False,False,False,6.981808382428365,6.981808382428365,6.981808382428365,6.981808382428365,7.485237793937255
High,1.0,1.5,0.65,"A('P', 'P')|B('P', 'P')","A('P', 'P')|B('P', 'P')",1,1,True,False,False,False,False,False,6.981808382428365,6.981808382428365,6.981808382428365,6.981808382428365,7.485237793937255
High,1.0,1.5,0.7,"A('P', 'P')|B('P', 'P')","A('P', 'P')|B('P', 'P')",1,1,True,False,False,False,False,False,6.981808382428365,6.981808382428365,6.981808382428365,6.981808382428365,7.485237793937255
High,1.0,1.5,0.75,"A('P', 'P')|B('P', 'P')","A('P', 'P')|B('P', 'P')",1,1,True,False,False,False,False,False,6.981808382428365,6.981808382428365,6.981808382428365,6.981808382428365,7.485237793937255
High,1.0,1.5,0.8,"A('P', 'P')|B('P', 'P')","A('P', 'P')|B('P', 'P')",1,1,True,False,False,False,False,False,6.981808382428365,6.981808382428365,6.981808382428365,6.981808382428365,7.485237793937255
High,1.0,1.5,0.85,"A('P', 'P')|B('P', 'P')","A('P', 'P')|B('P', 'P')",1,1,True,False,False,False,False,False,6.981808382428365,6.981808382428365,6.981808382428365,6.981808382428365,7.485237793937255
High,1.0,1.5,0.9,"A('P', 'P')|B('P', 'P')","A('P', 'P')|B('P', 'P')",1,1,True,False,False,False,False,False,6.981808382428365,6.981808382428365,6.981808382428365,6.981808382428365,7.485237793937255
High,1.0,1.5,0.95,"A('P', 'P')|B('P', 'P')","A('P', 'P')|B('P', 'P')",1,1,True,False,False,False,False,False,6.981808382428365,6.981808382428365,6.981808382428365,6.981808382428365,7.485237793937255
High,1.0,1.5,1.0,"A('P', 'P')|B('P', 'P')","A('P', 'P')|B('P', 'P')",1,1,True,False,False,False,False,False,6.981808382428365,6.981808382428365,6.981808382428365,6.981808382428365,7.485237793937255
High,1.0,1.6,0.1,"A('P', 'P')|B('P', 'P')","A('P', 'P')|B('P', 'P')",1,1,True,False,False,False,False,False,6.881808382428366,6.881808382428366,6.881808382428366,6.881808382428366,7.3852377939372555
High,1.0,1.6,0.15,"A('P', 'P')|B('P', 'P')","A('P', 'P')|B('P', 'P')",1,1,True,False,False,False,False,False,6.881808382428366,6.881808382428366,6.881808382428366,6.881808382428366,7.3852377939372555
High,1.0,1.6,0.2,"A('P', 'P')|B('P', 'P')","A('P', 'P')|B('P', 'P')",1,1,True,False,False,False,False,False,6.881808382428366,6.881808382428366,6.881808382428366,6.881808382428366,7.3852377939372555
High,1.0,1.6,0.25,"A('P', 'P')|B('P', 'P')","A('P', 'P')|B('P', 'P')",1,1,True,False,False,False,False,False,6.881808382428366,6.881808382428366,6.881808382428366,6.881808382428366,7.3852377939372555
High,1.0,1.6,0.3,"A('P', 'P')|B('P', 'P')","A('P', 'P')|B('P', 'P')",1,1,True,False,False,False,False,False,6.881808382428366,6.881808382428366,6.881808382428366,6.881808382428366,7.3852377939372555
High,1.0,1.6,0.35,"A('P', 'P')|B('P', 'P')","A('P', 'P')|B('P', 'P')",1,1,True,False,False,False,False,False,6.881808382428366,6.881808382428366,6.881808382428366,6.881808382428366,7.3852377939372555
High,1.0,1.6,0.4,"A('P', 'P')|B('P', 'P')","A('P', 'P')|B('P', 'P')",1,1,True,False,False,False,False,False,6.881808382428366,6.881808382428366,6.881808382428366,6.881808382428366,7.3852377939372555
High,1.0,1.6,0.45,"A('P', 'P')|B('P', 'P')","A('P', 'P')|B('P', 'P')",1,1,True,False,False,False,False,False,6.881808382428366,6.881808382428366,6.881808382428366,6.881808382428366,7.3852377939372555
High,1.0,1.6,0.5,"A('P', 'P')|B('P', 'P')","A('P', 'P')|B('P', 'P')",1,1,True,False,False,False,False,False,6.881808382428366,6.881808382428366,6.881808382428366,6.881808382428366,7.3852377939372555
High,1.0,1.6,0.55,"A('P', 'P')|B('P', 'P')","A('P', 'P')|B('P', 'P')",1,1,True,False,False,False,False,False,6.881808382428366,6.881808382428366,6.881808382428366,6.881808382428366,7.3852377939372555
High,1.0,1.6,0.6,"A('P', 'P')|B('P', 'P')","A('P', 'P')|B('P', 'P')",1,1,True,False,False,False,False,False,6.881808382428366,6.881808382428366,6.881808382428366,6.881808382428366,7.3852377939372555
High,1.0,1.6,0.65,"A('P', 'P')|B('P', 'P')","A('P', 'P')|B('P', 'P')",1,1,True,False,False,False,False,False,6.881808382428366,6.881808382428366,6.881808382428366,6.881808382428366,7.3852377939372555
High,1.0,1.6,0.7,"A('P', 'P')|B('P', 'P')","A('P', 'P')|B('P', 'P')",1,1,True,False,False,False,False,False,6.881808382428366,6.881808382428366,6.881808382428366,6.881808382428366,7.3852377939372555
High,1.0,1.6,0.75,"A('P', 'P')|B('P', 'P')","A('P', 'P')|B('P', 'P')",1,1,True,False,False,False,False,False,6.881808382428366,6.881808382428366,6.881808382428366,6.881808382428366,7.3852377939372555
High,1.0,1.6,0.8,"A('P', 'P')|B('P', 'P')","A('P', 'P')|B('P', 'P')",1,1,True,False,False,False,False,False,6.881808382428366,6.881808382428366,6.881808382428366,6.881808382428366,7.3852377939372555
High,1.0,1.6,0.85,"A('P', 'P')|B('P', 'P')","A('P', 'P')|B('P', 'P')",1,1,True,False,False,False,False,False,6.881808382428366,6.881808382428366,6.881808382428366,6.881808382428366,7.3852377939372555
High,1.0,1.6,0.9,"A('P', 'P')|B('P', 'P')","A('P', 'P')|B('P', 'P')",1,1,True,False,False,False,False,False,6.881808382428366,6.881808382428366,6.881808382428366,6.881808382428366,7.3852377939372555
High,1.0,1.6,0.95,"A('P', 'P')|B('P', 'P')","A('P', 'P')|B('P', 'P')",1,1,True,False,False,False,False,False,6.881808382428366,6.881808382428366,6.881808382428366,6.881808382428366,7.3852377939372555
High,1.0,1.6,1.0,"A('P', 'P')|B('P', 'P')","A('P', 'P')|B('P', 'P')",1,1,True,False,False,False,False,False,6.881808382428366,6.881808382428366,6.881808382428366,6.881808382428366,7.3852377939372555
High,1.0,1.7,0.1,"A('P', 'P')|B('P', 'P')","A('P', 'P')|B('P', 'P')",1,1,True,False,False,False,False,False,6.781808382428366,6.781808382428366,6.781808382428366,6.781808382428366,7.285237793937256
High,1.0,1.7,0.15,"A('P', 'P')|B('P', 'P')","A('P', 'P')|B('P', 'P')",1,1,True,False,False,False,False,False,6.781808382428366,6.781808382428366,6.781808382428366,6.781808382428366,7.285237793937256
High,1.0,1.7,0.2,"A('P', 'P')|B('P', 'P')","A('P', 'P')|B('P', 'P')",1,1,True,False,False,False,False,False,6.781808382428366,6.781808382428366,6.781808382428366,6.781808382428366,7.285237793937256
High,1.0,1.7,0.25,"A('P', 'P')|B('P', 'P')","A('P', 'P')|B('P', 'P')",1,1,True,False,False,False,False,False,6.781808382428366,6.781808382428366,6.781808382428366,6.781808382428366,7.285237793937256
High,1.0,1.7,0.3,"A('P', 'P')|B('P', 'P')","A('P', 'P')|B('P', 'P')",1,1,True,False,False,False,False,False,6.781808382428366,6.781808382428366,6.781808382428366,6.781808382428366,7.285237793937256
High,1.0,1.7,0.35,"A('P', 'P')|B('P', 'P')","A('P', 'P')|B('P', 'P')",1,1,True,False,False,False,False,False,6.781808382428366,6.781808382428366,6.781808382428366,6.781808382428366,7.285237793937256
High,1.0,1.7,0.4,"A('P', 'P')|B('P', 'P')","A('P', 'P')|B('P', 'P')",1,1,True,False,False,False,False,False,6.781808382428366,6.781808382428366,6.781808382428366,6.781808382428366,7.285237793937256
High,1.0,1.7,0.45,"A('P', 'P')|B('P', 'P')","A('P', 'P')|B('P', 'P')",1,1,True,False,False,False,False,False,6.781808382428366,6.781808382428366,6.781808382428366,6.781808382428366,7.285237793937256
High,1.0,1.7,0.5,"A('P', 'P')|B('P', 'P')","A('P', 'P')|B('P', 'P')",1,1,True,False,False,False,False,False,6.781808382428366,6.781808382428366,6.781808382428366,6.781808382428366,7.285237793937256
High,1.0,1.7,0.55,"A('P', 'P')|B('P', 'P')","A('P', 'P')|B('P', 'P')",1,1,True,False,False,False,False,False,6.781808382428366,6.781808382428366,6.781808382428366,6.781808382428366,7.285237793937256
High,1.0,1.7,0.6,"A('P', 'P')|B('P', 'P')","A('P', 'P')|B('P', 'P')",1,1,True,False,False,False,False,False,6.781808382428366,6.781808382428366,6.781808382428366,6.781808382428366,7.285237793937256
High,1.0,1.7,0.65,"A('P', 'P')|B('P', 'P')","A('P', 'P')|B('P', 'P')",1,1,True,False,False,False,False,False,6.781808382428366,6.781808382428366,6.781808382428366,6.781808382428366,7.285237793937256
High,1.0,1.7,0.7,"A('P', 'P')|B('P', 'P')","A('P', 'P')|B('P', 'P')",1,1,True,False,False,False,False,False,6.781808382428366,6.781808382428366,6.781808382428366,6.781808382428366,7.285237793937256
High,1.0,1.7,0.75,"A('P', 'P')|B('P', 'P')","A('P', 'P')|B('P', 'P')",1,1,True,False,False,False,False,False,6.781808382428366,6.781808382428366,6.781808382428366,6.781808382428366,7.285237793937256
High,1.0,1.7,0.8,"A('P', 'P')|B('P', 'P')","A('P', 'P')|B('P', 'P')",1,1,True,False,False,False,False,False,6.781808382428366,6.781808382428366,6.781808382428366,6.781808382428366,7.285237793937256
High,1.0,1.7,0.85,"A('P', 'P')|B('P', 'P')","A('P', 'P')|B('P', 'P')",1,1,True,False,False,False,False,False,6.781808382428366,6.781808382428366,6.781808382428366,6.781808382428366,7.285237793937256
High,1.0,1.7,0.9,"A('P', 'P')|B('P', 'P')","A('P', 'P')|B('P', 'P')",1,1,True,False,False,False,False,False,6.781808382428366,6.781808382428366,6.781808382428366,6.781808382428366,7.285237793937256
High,1.0,1.7,0.95,"A('P', 'P')|B('P', 'P')","A('P', 'P')|B('P', 'P')",1,1,True,False,False,False,False,False,6.781808382428366,6.781808382428366,6.781808382428366,6.781808382428366,7.285237793937256
High,1.0,1.7,1.0,"A('P', 'P')|B('P', 'P')","A('P', 'P')|B('P', 'P')",1,1,True,False,False,False,False,False,6.781808382428366,6.781808382428366,6.781808382428366,6.781808382428366,7.285237793937256
High,1.0,1.8,0.1,"A('P', 'M')|B('P', 'P');A('P', 'P')|B('P', 'M')","A('P', 'P')|B('P', 'P')",2,1,False,True,False,False,False,False,5.791924243369431,5.791924243369431,6.681808382428365,6.681808382428365,7.185237793937256
High,1.0,1.8,0.15,"A('P', 'M')|B('P', 'P');A('P', 'P')|B('P', 'M')","A('P', 'P')|B('P', 'P')",2,1,False,True,False,False,False,False,5.791924243369431,5.791924243369431,6.681808382428365,6.681808382428365,7.185237793937256
High,1.0,1.8,0.2,"A('P', 'M')|B('P', 'P');A('P', 'P')|B('P', 'M')","A('P', 'P')|B('P', 'P')",2,1,False,True,False,False,False,False,5.791924243369431,5.791924243369431,6.681808382428365,6.681808382428365,7.185237793937256
High,1.0,1.8,0.25,"A('P', 'M')|B('P', 'P');A('P', 'P')|B('P', 'M')","A('P', 'P')|B('P', 'P')",2,1,False,True,False,False,False,False,5.791924243369431,5.791924243369431,6.681808382428365,6.681808382428365,7.185237793937256
High,1.0,1.8,0.3,"A('P', 'M')|B('P', 'P');A('P', 'P')|B('P', 'M')","A('P', 'P')|B('P', 'P')",2,1,False,True,False,False,False,False,5.791924243369431,5.791924243369431,6.681808382428365,6.681808382428365,7.185237793937256
High,1.0,1.8,0.35,"A('P', 'M')|B('P', 'P');A('P', 'P')|B('P', 'M')","A('P', 'P')|B('P', 'P')",2,1,False,True,False,False,False,False,5.791924243369431,5.791924243369431,6.681808382428365,6.681808382428365,7.185237793937256
High,1.0,1.8,0.4,"A('P', 'M')|B('P', 'P');A('P', 'P')|B('P', 'M')","A('P', 'P')|B('P', 'P')",2,1,False,True,False,False,False,False,5.791924243369431,5.791924243369431,6.681808382428365,6.681808382428365,7.185237793937256
High,1.0,1.8,0.45,"A('P', 'M')|B('P', 'P');A('P', 'P')|B('P', 'M')","A('P', 'P')|B('P', 'P')",2,1,False,True,False,False,False,False,5.791924243369431,5.791924243369431,6.681808382428365,6.681808382428365,7.185237793937256
High,1.0,1.8,0.5,"A('P', 'M')|B('P', 'P');A('P', 'P')|B('P', 'M')","A('P', 'P')|B('P', 'P')",2,1,False,True,False,False,False,False,5.791924243369431,5.791924243369431,6.681808382428365,6.681808382428365,7.185237793937256
High,1.0,1.8,0.55,"A('P', 'M')|B('P', 'P');A('P', 'P')|B('P', 'M')","A('P', 'P')|B('P', 'P')",2,1,False,True,False,False,False,False,5.791924243369431,5.791924243369431,6.681808382428365,6.681808382428365,7.185237793937256
High,1.0,1.8,0.6,"A('P', 'M')|B('P', 'P');A('P', 'P')|B('P', 'M')","A('P', 'P')|B('P', 'P')",2,1,False,True,False,False,False,False,5.791924243369431,5.791924243369431,6.681808382428365,6.681808382428365,7.185237793937256
High,1.0,1.8,0.65,"A('P', 'M')|B('P', 'P');A('P', 'P')|B('P', 'M')","A('P', 'P')|B('P', 'P')",2,1,False,True,False,False,False,False,5.791924243369431,5.791924243369431,6.681808382428365,6.681808382428365,7.185237793937256
High,1.0,1.8,0.7,"A('P', 'M')|B('P', 'P');A('P', 'P')|B('P', 'M')","A('P', 'P')|B('P', 'P')",2,1,False,True,False,False,False,False,5.791924243369431,5.791924243369431,6.681808382428365,6.681808382428365,7.185237793937256
High,1.0,1.8,0.75,"A('P', 'M')|B('P', 'P');A('P', 'P')|B('P', 'M')","A('P', 'P')|B('P', 'P')",2,1,False,True,False,False,False,False,5.791924243369431,5.791924243369431,6.681808382428365,6.681808382428365,7.185237793937256
High,1.0,1.8,0.8,"A('P', 'M')|B('P', 'P');A('P', 'P')|B('P', 'M')","A('P', 'P')|B('P', 'P')",2,1,False,True,False,False,False,False,5.791924243369431,5.791924243369431,6.681808382428365,6.681808382428365,7.185237793937256
High,1.0,1.8,0.85,"A('P', 'M')|B('P', 'P');A('P', 'P')|B('P', 'M')","A('P', 'P')|B('P', 'P')",2,1,False,True,False,False,False,False,5.791924243369431,5.791924243369431,6.681808382428365,6.681808382428365,7.185237793937256
High,1.0,1.8,0.9,"A('P', 'M')|B('P', 'P');A('P', 'P')|B('P', 'M')","A('P', 'P')|B('P', 'P')",2,1,False,True,False,False,False,False,5.791924243369431,5.791924243369431,6.681808382428365,6.681808382428365,7.185237793937256
High,1.0,1.8,0.95,"A('P', 'M')|B('P', 'P');A('P', 'P')|B('P', 'M')","A('P', 'P')|B('P', 'P')",2,1,False,True,False,False,False,False,5.791924243369431,5.791924243369431,6.681808382428365,6.681808382428365,7.185237793937256
High,1.0,1.8,1.0,"A('P', 'M')|B('P', 'P');A('P', 'P')|B('P', 'M')","A('P', 'M')|B('P', 'P');A('P', 'P')|B('P', 'M')",2,2,True,False,False,False,True,False,5.791924243369431,5.791924243369431,5.791924243369431,5.791924243369431,7.185237793937256
High,1.0,1.9,0.1,"A('P', 'M')|B('P', 'P');A('P', 'P')|B('P', 'M')","A('P', 'P')|B('P', 'P')",2,1,False,True,False,False,False,False,5.741924243369431,5.741924243369432,6.581808382428365,6.581808382428365,7.085237793937256
High,1.0,1.9,0.15,"A('P', 'M')|B('P', 'P');A('P', 'P')|B('P', 'M')","A('P', 'P')|B('P', 'P')",2,1,False,True,False,False,False,False,5.741924243369431,5.741924243369432,6.581808382428365,6.581808382428365,7.085237793937256
High,1.0,1.9,0.2,"A('P', 'M')|B('P', 'P');A('P', 'P')|B('P', 'M')","A('P', 'P')|B('P', 'P')",2,1,False,True,False,False,False,False,5.741924243369431,5.741924243369432,6.581808382428365,6.581808382428365,7.085237793937256
High,1.0,1.9,0.25,"A('P', 'M')|B('P', 'P');A('P', 'P')|B('P', 'M')","A('P', 'P')|B('P', 'P')",2,1,False,True,False,False,False,False,5.741924243369431,5.741924243369432,6.581808382428365,6.581808382428365,7.085237793937256
High,1.0,1.9,0.3,"A('P', 'M')|B('P', 'P');A('P', 'P')|B('P', 'M')","A('P', 'P')|B('P', 'P')",2,1,False,True,False,False,False,False,5.741924243369431,5.741924243369432,6.581808382428365,6.581808382428365,7.085237793937256
High,1.0,1.9,0.35,"A('P', 'M')|B('P', 'P');A('P', 'P')|B('P', 'M')","A('P', 'P')|B('P', 'P')",2,1,False,True,False,False,False,False,5.741924243369431,5.741924243369432,6.581808382428365,6.581808382428365,7.085237793937256
High,1.0,1.9,0.4,"A('P', 'M')|B('P', 'P');A('P', 'P')|B('P', 'M')","A('P', 'P')|B('P', 'P')",2,1,False,True,False,False,False,False,5.741924243369431,5.741924243369432,6.581808382428365,6.581808382428365,7.085237793937256
High,1.0,1.9,0.45,"A('P', 'M')|B('P', 'P');A('P', 'P')|B('P', 'M')","A('P', 'P')|B('P', 'P')",2,1,False,True,False,False,False,False,5.741924243369431,5.741924243369432,6.581808382428365,6.581808382428365,7.085237793937256
High,1.0,1.9,0.5,"A('P', 'M')|B('P', 'P');A('P', 'P')|B('P', 'M')","A('P', 'P')|B('P', 'P')",2,1,False,True,False,False,False,False,5.741924243369431,5.741924243369432,6.581808382428365,6.581808382428365,7.085237793937256
High,1.0,1.9,0.55,"A('P', 'M')|B('P', 'P');A('P', 'P')|B('P', 'M')","A('P', 'P')|B('P', 'P')",2,1,False,True,False,False,False,False,5.741924243369431,5.741924243369432,6.581808382428365,6.581808382428365,7.085237793937256
High,1.0,1.9,0.6,"A('P', 'M')|B('P', 'P');A('P', 'P')|B('P', 'M')","A('P', 'P')|B('P', 'P')",2,1,False,True,False,False,False,False,5.741924243369431,5.741924243369432,6.581808382428365,6.581808382428365,7.085237793937256
High,1.0,1.9,0.65,"A('P', 'M')|B('P', 'P');A('P', 'P')|B('P', 'M')","A('P', 'P')|B('P', 'P')",2,1,False,True,False,False,False,False,5.741924243369431,5.741924243369432,6.581808382428365,6.581808382428365,7.085237793937256
High,1.0,1.9,0.7,"A('P', 'M')|B('P', 'P');A('P', 'P')|B('P', 'M')","A('P', 'P')|B('P', 'P')",2,1,False,True,False,False,False,False,5.741924243369431,5.741924243369432,6.581808382428365,6.581808382428365,7.085237793937256
High,1.0,1.9,0.75,"A('P', 'M')|B('P', 'P');A('P', 'P')|B('P', 'M')","A('P', 'P')|B('P', 'P')",2,1,False,True,False,False,False,False,5.741924243369431,5.741924243369432,6.581808382428365,6.581808382428365,7.085237793937256
High,1.0,1.9,0.8,"A('P', 'M')|B('P', 'P');A('P', 'P')|B('P', 'M')","A('P', 'P')|B('P', 'P')",2,1,False,True,False,False,False,False,5.741924243369431,5.741924243369432,6.581808382428365,6.581808382428365,7.085237793937256
High,1.0,1.9,0.85,"A('P', 'M')|B('P', 'P');A('P', 'P')|B('P', 'M')","A('P', 'P')|B('P', 'P')",2,1,False,True,False,False,False,False,5.741924243369431,5.741924243369432,6.581808382428365,6.581808382428365,7.085237793937256
High,1.0,1.9,0.9,"A('P', 'M')|B('P', 'P');A('P', 'P')|B('P', 'M')","A('P', 'P')|B('P', 'P')",2,1,False,True,False,False,False,False,5.741924243369431,5.741924243369432,6.581808382428365,6.581808382428365,7.085237793937256
High,1.0,1.9,0.95,"A('P', 'M')|B('P', 'P');A('P', 'P')|B('P', 'M')","A('P', 'P')|B('P', 'P')",2,1,False,True,False,False,False,False,5.741924243369431,5.741924243369432,6.581808382428365,6.581808382428365,7.085237793937256
High,1.0,1.9,1.0,"A('P', 'M')|B('P', 'P');A('P', 'P')|B('P', 'M')","A('P', 'M')|B('P', 'P');A('P', 'P')|B('P', 'M')",2,2,True,False,False,False,True,False,5.741924243369431,5.741924243369432,5.741924243369431,5.741924243369432,7.085237793937256
High,1.0,2.0,0.1,"A('P', 'M')|B('P', 'P');A('P', 'P')|B('P', 'M')","A('P', 'P')|B('P', 'P')",2,1,False,True,False,False,False,False,5.6919242433694315,5.6919242433694315,6.481808382428365,6.481808382428365,6.985237793937255
High,1.0,2.0,0.15,"A('P', 'M')|B('P', 'P');A('P', 'P')|B('P', 'M')","A('P', 'P')|B('P', 'P')",2,1,False,True,False,False,False,False,5.6919242433694315,5.6919242433694315,6.481808382428365,6.481808382428365,6.985237793937255
High,1.0,2.0,0.2,"A('P', 'M')|B('P', 'P');A('P', 'P')|B('P', 'M')","A('P', 'P')|B('P', 'P')",2,1,False,True,False,False,False,False,5.6919242433694315,5.6919242433694315,6.481808382428365,6.481808382428365,6.985237793937255
High,1.0,2.0,0.25,"A('P', 'M')|B('P', 'P');A('P', 'P')|B('P', 'M')","A('P', 'P')|B('P', 'P')",2,1,False,True,False,False,False,False,5.6919242433694315,5.6919242433694315,6.481808382428365,6.481808382428365,6.985237793937255
High,1.0,2.0,0.3,"A('P', 'M')|B('P', 'P');A('P', 'P')|B('P', 'M')","A('P', 'P')|B('P', 'P')",2,1,False,True,False,False,False,False,5.6919242433694315,5.6919242433694315,6.481808382428365,6.481808382428365,6.985237793937255
High,1.0,2.0,0.35,"A('P', 'M')|B('P', 'P');A('P', 'P')|B('P', 'M')","A('P', 'P')|B('P', 'P')",2,1,False,True,False,False,False,False,5.6919242433694315,5.6919242433694315,6.481808382428365,6.481808382428365,6.985237793937255
High,1.0,2.0,0.4,"A('P', 'M')|B('P', 'P');A('P', 'P')|B('P', 'M')","A('P', 'P')|B('P', 'P')",2,1,False,True,False,False,False,False,5.6919242433694315,5.6919242433694315,6.481808382428365,6.481808382428365,6.985237793937255
High,1.0,2.0,0.45,"A('P', 'M')|B('P', 'P');A('P', 'P')|B('P', 'M')","A('P', 'P')|B('P', 'P')",2,1,False,True,False,False,False,False,5.6919242433694315,5.6919242433694315,6.481808382428365,6.481808382428365,6.985237793937255
High,1.0,2.0,0.5,"A('P', 'M')|B('P', 'P');A('P', 'P')|B('P', 'M')","A('P', 'P')|B('P', 'P')",2,1,False,True,False,False,False,False,5.6919242433694315,5.6919242433694315,6.481808382428365,6.481808382428365,6.985237793937255
High,1.0,2.0,0.55,"A('P', 'M')|B('P', 'P');A('P', 'P')|B('P', 'M')","A('P', 'P')|B('P', 'P')",2,1,False,True,False,False,False,False,5.6919242433694315,5.6919242433694315,6.481808382428365,6.481808382428365,6.985237793937255
High,1.0,2.0,0.6,"A('P', 'M')|B('P', 'P');A('P', 'P')|B('P', 'M')","A('P', 'P')|B('P', 'P')",2,1,False,True,False,False,False,False,5.6919242433694315,5.6919242433694315,6.481808382428365,6.481808382428365,6.985237793937255
High,1.0,2.0,0.65,"A('P', 'M')|B('P', 'P');A('P', 'P')|B('P', 'M')","A('P', 'P')|B('P', 'P')",2,1,False,True,False,False,False,False,5.6919242433694315,5.6919242433694315,6.481808382428365,6.481808382428365,6.985237793937255
High,1.0,2.0,0.7,"A('P', 'M')|B('P', 'P');A('P', 'P')|B('P', 'M')","A('P', 'P')|B('P', 'P')",2,1,False,True,False,False,False,False,5.6919242433694315,5.6919242433694315,6.481808382428365,6.481808382428365,6.985237793937255
High,1.0,2.0,0.75,"A('P', 'M')|B('P', 'P');A('P', 'P')|B('P', 'M')","A('P', 'P')|B('P', 'P')",2,1,False,True,False,False,False,False,5.6919242433694315,5.6919242433694315,6.481808382428365,6.481808382428365,6.985237793937255
High,1.0,2.0,0.8,"A('P', 'M')|B('P', 'P');A('P', 'P')|B('P', 'M')","A('P', 'P')|B('P', 'P')",2,1,False,True,False,False,False,False,5.6919242433694315,5.6919242433694315,6.481808382428365,6.481808382428365,6.985237793937255
High,1.0,2.0,0.85,"A('P', 'M')|B('P', 'P');A('P', 'P')|B('P', 'M')","A('P', 'P')|B('P', 'P')",2,1,False,True,False,False,False,False,5.6919242433694315,5.6919242433694315,6.481808382428365,6.481808382428365,6.985237793937255
High,1.0,2.0,0.9,"A('P', 'M')|B('P', 'P');A('P', 'P')|B('P', 'M')","A('P', 'P')|B('P', 'P')",2,1,False,True,False,False,False,False,5.6919242433694315,5.6919242433694315,6.481808382428365,6.481808382428365,6.985237793937255
High,1.0,2.0,0.95,"A('P', 'M')|B('P', 'P');A('P', 'P')|B('P', 'M')","A('P', 'M')|B('P', 'P');A('P', 'P')|B('P', 'M')",2,2,True,False,False,False,True,False,5.6919242433694315,5.6919242433694315,5.6919242433694315,5.6919242433694315,6.985237793937255
High,1.0,2.0,1.0,"A('P', 'M')|B('P', 'P');A('P', 'P')|B('P', 'M')","A('P', 'M')|B('P', 'P');A('P', 'P')|B('P', 'M')",2,2,True,False,False,False,True,False,5.6919242433694315,5.6919242433694315,5.6919242433694315,5.6919242433694315,6.985237793937255
High,1.0,2.1,0.1,"A('P', 'M')|B('P', 'P');A('P', 'P')|B('P', 'M')","A('P', 'P')|B('P', 'P')",2,1,False,True,False,False,False,False,5.6419242433694325,5.6419242433694325,6.381808382428366,6.381808382428366,6.8852377939372555
High,1.0,2.1,0.15,"A('P', 'M')|B('P', 'P');A('P', 'P')|B('P', 'M')","A('P', 'P')|B('P', 'P')",2,1,False,True,False,False,False,False,5.6419242433694325,5.6419242433694325,6.381808382428366,6.381808382428366,6.8852377939372555
High,1.0,2.1,0.2,"A('P', 'M')|B('P', 'P');A('P', 'P')|B('P', 'M')","A('P', 'P')|B('P', 'P')",2,1,False,True,False,False,False,False,5.6419242433694325,5.6419242433694325,6.381808382428366,6.381808382428366,6.8852377939372555
High,1.0,2.1,0.25,"A('P', 'M')|B('P', 'P');A('P', 'P')|B('P', 'M')","A('P', 'P')|B('P', 'P')",2,1,False,True,False,False,False,False,5.6419242433694325,5.6419242433694325,6.381808382428366,6.381808382428366,6.8852377939372555
High,1.0,2.1,0.3,"A('P', 'M')|B('P', 'P');A('P', 'P')|B('P', 'M')","A('P', 'P')|B('P', 'P')",2,1,False,True,False,False,False,False,5.6419242433694325,5.6419242433694325,6.381808382428366,6.381808382428366,6.8852377939372555
High,1.0,2.1,0.35,"A('P', 'M')|B('P', 'P');A('P', 'P')|B('P', 'M')","A('P', 'P')|B('P', 'P')",2,1,False,True,False,False,False,False,5.6419242433694325,5.6419242433694325,6.381808382428366,6.381808382428366,6.8852377939372555
High,1.0,2.1,0.4,"A('P', 'M')|B('P', 'P');A('P', 'P')|B('P', 'M')","A('P', 'P')|B('P', 'P')",2,1,False,True,False,False,False,False,5.6419242433694325,5.6419242433694325,6.381808382428366,6.381808382428366,6.8852377939372555
High,1.0,2.1,0.45,"A('P', 'M')|B('P', 'P');A('P', 'P')|B('P', 'M')","A('P', 'P')|B('P', 'P')",2,1,False,True,False,False,False,False,5.6419242433694325,5.6419242433694325,6.381808382428366,6.381808382428366,6.8852377939372555
High,1.0,2.1,0.5,"A('P', 'M')|B('P', 'P');A('P', 'P')|B('P', 'M')","A('P', 'P')|B('P', 'P')",2,1,False,True,False,False,False,False,5.6419242433694325,5.6419242433694325,6.381808382428366,6.381808382428366,6.8852377939372555
High,1.0,2.1,0.55,"A('P', 'M')|B('P', 'P');A('P', 'P')|B('P', 'M')","A('P', 'P')|B('P', 'P')",2,1,False,True,False,False,False,False,5.6419242433694325,5.6419242433694325,6.381808382428366,6.381808382428366,6.8852377939372555
High,1.0,2.1,0.6,"A('P', 'M')|B('P', 'P');A('P', 'P')|B('P', 'M')","A('P', 'P')|B('P', 'P')",2,1,False,True,False,False,False,False,5.6419242433694325,5.6419242433694325,6.381808382428366,6.381808382428366,6.8852377939372555
High,1.0,2.1,0.65,"A('P', 'M')|B('P', 'P');A('P', 'P')|B('P', 'M')","A('P', 'P')|B('P', 'P')",2,1,False,True,False,False,False,False,5.6419242433694325,5.6419242433694325,6.381808382428366,6.381808382428366,6.8852377939372555
High,1.0,2.1,0.7,"A('P', 'M')|B('P', 'P');A('P', 'P')|B('P', 'M')","A('P', 'P')|B('P', 'P')",2,1,False,True,False,False,False,False,5.6419242433694325,5.6419242433694325,6.381808382428366,6.381808382428366,6.8852377939372555
High,1.0,2.1,0.75,"A('P', 'M')|B('P', 'P');A('P', 'P')|B('P', 'M')","A('P', 'P')|B('P', 'P')",2,1,False,True,False,False,False,False,5.6419242433694325,5.6419242433694325,6.381808382428366,6.381808382428366,6.8852377939372555
High,1.0,2.1,0.8,"A('P', 'M')|B('P', 'P');A('P', 'P')|B('P', 'M')","A('P', 'P')|B('P', 'P')",2,1,False,True,False,False,False,False,5.6419242433694325,5.6419242433694325,6.381808382428366,6.381808382428366,6.8852377939372555
High,1.0,2.1,0.85,"A('P', 'M')|B('P', 'P');A('P', 'P')|B('P', 'M')","A('P', 'P')|B('P', 'P')",2,1,False,True,False,False,False,False,5.6419242433694325,5.6419242433694325,6.381808382428366,6.381808382428366,6.8852377939372555
High,1.0,2.1,0.9,"A('P', 'M')|B('P', 'P');A('P', 'P')|B('P', 'M')","A('P', 'M')|B('P', 'P');A('P', 'P')|B('P', 'M')",2,2,True,False,False,False,True,False,5.6419242433694325,5.6419242433694325,5.6419242433694325,5.6419242433694325,6.8852377939372555
High,1.0,2.1,0.95,"A('P', 'M')|B('P', 'P');A('P', 'P')|B('P', 'M')","A('P', 'M')|B('P', 'P');A('P', 'P')|B('P', 'M')",2,2,True,False,False,False,True,False,5.6419242433694325,5.6419242433694325,5.6419242433694325,5.6419242433694325,6.8852377939372555
High,1.0,2.1,1.0,"A('P', 'M')|B('P', 'P');A('P', 'P')|B('P', 'M')","A('P', 'M')|B('P', 'P');A('P', 'P')|B('P', 'M')",2,2,True,False,False,False,True,False,5.6419242433694325,5.6419242433694325,5.6419242433694325,5.6419242433694325,6.8852377939372555
High,1.0,2.2,0.1,"A('P', 'M')|B('P', 'P');A('P', 'P')|B('P', 'M')","A('P', 'P')|B('P', 'P')",2,1,False,True,False,False,False,False,5.591924243369432,5.591924243369432,6.281808382428366,6.281808382428366,6.799618186264662
High,1.0,2.2,0.15,"A('P', 'M')|B('P', 'P');A('P', 'P')|B('P', 'M')","A('P', 'P')|B('P', 'P')",2,1,False,True,False,False,False,False,5.591924243369432,5.591924243369432,6.281808382428366,6.281808382428366,6.799618186264662
High,1.0,2.2,0.2,"A('P', 'M')|B('P', 'P');A('P', 'P')|B('P', 'M')","A('P', 'P')|B('P', 'P')",2,1,False,True,False,False,False,False,5.591924243369432,5.591924243369432,6.281808382428366,6.281808382428366,6.799618186264662
High,1.0,2.2,0.25,"A('P', 'M')|B('P', 'P');A('P', 'P')|B('P', 'M')","A('P', 'P')|B('P', 'P')",2,1,False,True,False,False,False,False,5.591924243369432,5.591924243369432,6.281808382428366,6.281808382428366,6.799618186264662
High,1.0,2.2,0.3,"A('P', 'M')|B('P', 'P');A('P', 'P')|B('P', 'M')","A('P', 'P')|B('P', 'P')",2,1,False,True,False,False,False,False,5.591924243369432,5.591924243369432,6.281808382428366,6.281808382428366,6.799618186264662
High,1.0,2.2,0.35,"A('P', 'M')|B('P', 'P');A('P', 'P')|B('P', 'M')","A('P', 'P')|B('P', 'P')",2,1,False,True,False,False,False,False,5.591924243369432,5.591924243369432,6.281808382428366,6.281808382428366,6.799618186264662
High,1.0,2.2,0.4,"A('P', 'M')|B('P', 'P');A('P', 'P')|B('P', 'M')","A('P', 'P')|B('P', 'P')",2,1,False,True,False,False,False,False,5.591924243369432,5.591924243369432,6.281808382428366,6.281808382428366,6.799618186264662
High,1.0,2.2,0.45,"A('P', 'M')|B('P', 'P');A('P', 'P')|B('P', 'M')","A('P', 'P')|B('P', 'P')",2,1,False,True,False,False,False,False,5.591924243369432,5.591924243369432,6.281808382428366,6.281808382428366,6.799618186264662
High,1.0,2.2,0.5,"A('P', 'M')|B('P', 'P');A('P', 'P')|B('P', 'M')","A('P', 'P')|B('P', 'P')",2,1,False,True,False,False,False,False,5.591924243369432,5.591924243369432,6.281808382428366,6.281808382428366,6.799618186264662
High,1.0,2.2,0.55,"A('P', 'M')|B('P', 'P');A('P', 'P')|B('P', 'M')","A('P', 'P')|B('P', 'P')",2,1,False,True,False,False,False,False,5.591924243369432,5.591924243369432,6.281808382428366,6.281808382428366,6.799618186264662
High,1.0,2.2,0.6,"A('P', 'M')|B('P', 'P');A('P', 'P')|B('P', 'M')","A('P', 'P')|B('P', 'P')",2,1,False,True,False,False,False,False,5.591924243369432,5.591924243369432,6.281808382428366,6.281808382428366,6.799618186264662
High,1.0,2.2,0.65,"A('P', 'M')|B('P', 'P');A('P', 'P')|B('P', 'M')","A('P', 'P')|B('P', 'P')",2,1,False,True,False,False,False,False,5.591924243369432,5.591924243369432,6.281808382428366,6.281808382428366,6.799618186264662
High,1.0,2.2,0.7,"A('P', 'M')|B('P', 'P');A('P', 'P')|B('P', 'M')","A('P', 'P')|B('P', 'P')",2,1,False,True,False,False,False,False,5.591924243369432,5.591924243369432,6.281808382428366,6.281808382428366,6.799618186264662
High,1.0,2.2,0.75,"A('P', 'M')|B('P', 'P');A('P', 'P')|B('P', 'M')","A('P', 'P')|B('P', 'P')",2,1,False,True,False,False,False,False,5.591924243369432,5.591924243369432,6.281808382428366,6.281808382428366,6.799618186264662
High,1.0,2.2,0.8,"A('P', 'M')|B('P', 'P');A('P', 'P')|B('P', 'M')","A('P', 'P')|B('P', 'P')",2,1,False,True,False,False,False,False,5.591924243369432,5.591924243369432,6.281808382428366,6.281808382428366,6.799618186264662
High,1.0,2.2,0.85,"A('P', 'M')|B('P', 'P');A('P', 'P')|B('P', 'M')","A('P', 'P')|B('P', 'P')",2,1,False,True,False,False,False,False,5.591924243369432,5.591924243369432,6.281808382428366,6.281808382428366,6.799618186264662
High,1.0,2.2,0.9,"A('P', 'M')|B('P', 'P');A('P', 'P')|B('P', 'M')","A('P', 'M')|B('P', 'P');A('P', 'P')|B('P', 'M')",2,2,True,False,False,False,True,False,5.591924243369432,5.591924243369432,5.591924243369432,5.591924243369432,6.799618186264662
High,1.0,2.2,0.95,"A('P', 'M')|B('P', 'P');A('P', 'P')|B('P', 'M')","A('P', 'M')|B('P', 'P');A('P', 'P')|B('P', 'M')",2,2,True,False,False,False,True,False,5.591924243369432,5.591924243369432,5.591924243369432,5.591924243369432,6.799618186264662
High,1.0,2.2,1.0,"A('P', 'M')|B('P', 'P');A('P', 'P')|B('P', 'M')","A('P', 'M')|B('P', 'P');A('P', 'P')|B('P', 'M')",2,2,True,False,False,False,True,False,5.591924243369432,5.591924243369432,5.591924243369432,5.591924243369432,6.799618186264662
High,1.0,2.3,0.1,"A('P', 'M')|B('P', 'P');A('P', 'P')|B('P', 'M')","A('P', 'P')|B('P', 'P')",2,1,False,True,False,False,False,False,5.541924243369431,5.541924243369431,6.181808382428365,6.181808382428365,6.749618186264662
High,1.0,2.3,0.15,"A('P', 'M')|B('P', 'P');A('P', 'P')|B('P', 'M')","A('P', 'P')|B('P', 'P')",2,1,False,True,False,False,False,False,5.541924243369431,5.541924243369431,6.181808382428365,6.181808382428365,6.749618186264662
High,1.0,2.3,0.2,"A('P', 'M')|B('P', 'P');A('P', 'P')|B('P', 'M')","A('P', 'P')|B('P', 'P')",2,1,False,True,False,False,False,False,5.541924243369431,5.541924243369431,6.181808382428365,6.181808382428365,6.749618186264662
High,1.0,2.3,0.25,"A('P', 'M')|B('P', 'P');A('P', 'P')|B('P', 'M')","A('P', 'P')|B('P', 'P')",2,1,False,True,False,False,False,False,5.541924243369431,5.541924243369431,6.181808382428365,6.181808382428365,6.749618186264662
High,1.0,2.3,0.3,"A('P', 'M')|B('P', 'P');A('P', 'P')|B('P', 'M')","A('P', 'P')|B('P', 'P')",2,1,False,True,False,False,False,False,5.541924243369431,5.541924243369431,6.181808382428365,6.181808382428365,6.749618186264662
High,1.0,2.3,0.35,"A('P', 'M')|B('P', 'P');A('P', 'P')|B('P', 'M')","A('P', 'P')|B('P', 'P')",2,1,False,True,False,False,False,False,5.541924243369431,5.541924243369431,6.181808382428365,6.181808382428365,6.749618186264662
High,1.0,2.3,0.4,"A('P', 'M')|B('P', 'P');A('P', 'P')|B('P', 'M')","A('P', 'P')|B('P', 'P')",2,1,False,True,False,False,False,False,5.541924243369431,5.541924243369431,6.181808382428365,6.181808382428365,6.749618186264662
High,1.0,2.3,0.45,"A('P', 'M')|B('P', 'P');A('P', 'P')|B('P', 'M')","A('P', 'P')|B('P', 'P')",2,1,False,True,False,False,False,False,5.541924243369431,5.541924243369431,6.181808382428365,6.181808382428365,6.749618186264662
High,1.0,2.3,0.5,"A('P', 'M')|B('P', 'P');A('P', 'P')|B('P', 'M')","A('P', 'P')|B('P', 'P')",2,1,False,True,False,False,False,False,5.541924243369431,5.541924243369431,6.181808382428365,6.181808382428365,6.749618186264662
High,1.0,2.3,0.55,"A('P', 'M')|B('P', 'P');A('P', 'P')|B('P', 'M')","A('P', 'P')|B('P', 'P')",2,1,False,True,False,False,False,False,5.541924243369431,5.541924243369431,6.181808382428365,6.181808382428365,6.749618186264662
High,1.0,2.3,0.6,"A('P', 'M')|B('P', 'P');A('P', 'P')|B('P', 'M')","A('P', 'P')|B('P', 'P')",2,1,False,True,False,False,False,False,5.541924243369431,5.541924243369431,6.181808382428365,6.181808382428365,6.749618186264662
High,1.0,2.3,0.65,"A('P', 'M')|B('P', 'P');A('P', 'P')|B('P', 'M')","A('P', 'P')|B('P', 'P')",2,1,False,True,False,False,False,False,5.541924243369431,5.541924243369431,6.181808382428365,6.181808382428365,6.749618186264662
High,1.0,2.3,0.7,"A('P', 'M')|B('P', 'P');A('P', 'P')|B('P', 'M')","A('P', 'P')|B('P', 'P')",2,1,False,True,False,False,False,False,5.541924243369431,5.541924243369431,6.181808382428365,6.181808382428365,6.749618186264662
High,1.0,2.3,0.75,"A('P', 'M')|B('P', 'P');A('P', 'P')|B('P', 'M')","A('P', 'P')|B('P', 'P')",2,1,False,True,False,False,False,False,5.541924243369431,5.541924243369431,6.181808382428365,6.181808382428365,6.749618186264662
High,1.0,2.3,0.8,"A('P', 'M')|B('P', 'P');A('P', 'P')|B('P', 'M')","A('P', 'P')|B('P', 'P')",2,1,False,True,False,False,False,False,5.541924243369431,5.541924243369431,6.181808382428365,6.181808382428365,6.749618186264662
High,1.0,2.3,0.85,"A('P', 'M')|B('P', 'P');A('P', 'P')|B('P', 'M')","A('P', 'M')|B('P', 'P');A('P', 'P')|B('P', 'M')",2,2,True,False,False,False,True,False,5.541924243369431,5.541924243369431,5.541924243369431,5.541924243369431,6.749618186264662
High,1.0,2.3,0.9,"A('P', 'M')|B('P', 'P');A('P', 'P')|B('P', 'M')","A('P', 'M')|B('P', 'P');A('P', 'P')|B('P', 'M')",2,2,True,False,False,False,True,False,5.541924243369431,5.541924243369431,5.541924243369431,5.541924243369431,6.749618186264662
High,1.0,2.3,0.95,"A('P', 'M')|B('P', 'P');A('P', 'P')|B('P', 'M')","A('P', 'M')|B('P', 'P');A('P', 'P')|B('P', 'M')",2,2,True,False,False,False,True,False,5.541924243369431,5.541924243369431,5.541924243369431,5.541924243369431,6.749618186264662
High,1.0,2.3,1.0,"A('P', 'M')|B('P', 'P');A('P', 'P')|B('P', 'M')","A('P', 'M')|B('P', 'P');A('P', 'P')|B('P', 'M')",2,2,True,False,False,False,True,False,5.541924243369431,5.541924243369431,5.541924243369431,5.541924243369431,6.749618186264662
High,1.0,2.4,0.1,"A('P', 'M')|B('P', 'M')","A('P', 'P')|B('P', 'P')",1,1,False,True,False,False,False,False,4.32147214776234,4.32147214776234,6.081808382428365,6.081808382428365,6.699618186264662
High,1.0,2.4,0.15,"A('P', 'M')|B('P', 'M')","A('P', 'P')|B('P', 'P')",1,1,False,True,False,False,False,False,4.32147214776234,4.32147214776234,6.081808382428365,6.081808382428365,6.699618186264662
High,1.0,2.4,0.2,"A('P', 'M')|B('P', 'M')","A('P', 'P')|B('P', 'P')",1,1,False,True,False,False,False,False,4.32147214776234,4.32147214776234,6.081808382428365,6.081808382428365,6.699618186264662
High,1.0,2.4,0.25,"A('P', 'M')|B('P', 'M')","A('P', 'P')|B('P', 'P')",1,1,False,True,False,False,False,False,4.32147214776234,4.32147214776234,6.081808382428365,6.081808382428365,6.699618186264662
High,1.0,2.4,0.3,"A('P', 'M')|B('P', 'M')","A('P', 'P')|B('P', 'P')",1,1,False,True,False,False,False,False,4.32147214776234,4.32147214776234,6.081808382428365,6.081808382428365,6.699618186264662
High,1.0,2.4,0.35,"A('P', 'M')|B('P', 'M')","A('P', 'P')|B('P', 'P')",1,1,False,True,False,False,False,False,4.32147214776234,4.32147214776234,6.081808382428365,6.081808382428365,6.699618186264662
High,1.0,2.4,0.4,"A('P', 'M')|B('P', 'M')","A('P', 'P')|B('P', 'P')",1,1,False,True,False,False,False,False,4.32147214776234,4.32147214776234,6.081808382428365,6.081808382428365,6.699618186264662
High,1.0,2.4,0.45,"A('P', 'M')|B('P', 'M')","A('P', 'P')|B('P', 'P')",1,1,False,True,False,False,False,False,4.32147214776234,4.32147214776234,6.081808382428365,6.081808382428365,6.699618186264662
High,1.0,2.4,0.5,"A('P', 'M')|B('P', 'M')","A('P', 'P')|B('P', 'P')",1,1,False,True,False,False,False,False,4.32147214776234,4.32147214776234,6.081808382428365,6.081808382428365,6.699618186264662
High,1.0,2.4,0.55,"A('P', 'M')|B('P', 'M')","A('P', 'P')|B('P', 'P')",1,1,False,True,False,False,False,False,4.32147214776234,4.32147214776234,6.081808382428365,6.081808382428365,6.699618186264662
High,1.0,2.4,0.6,"A('P', 'M')|B('P', 'M')","A('P', 'P')|B('P', 'P')",1,1,False,True,False,False,False,False,4.32147214776234,4.32147214776234,6.081808382428365,6.081808382428365,6.699618186264662
High,1.0,2.4,0.65,"A('P', 'M')|B('P', 'M')","A('P', 'P')|B('P', 'P')",1,1,False,True,False,False,False,False,4.32147214776234,4.32147214776234,6.081808382428365,6.081808382428365,6.699618186264662
High,1.0,2.4,0.7,"A('P', 'M')|B('P', 'M')","A('P', 'P')|B('P', 'P')",1,1,False,True,False,False,False,False,4.32147214776234,4.32147214776234,6.081808382428365,6.081808382428365,6.699618186264662
High,1.0,2.4,0.75,"A('P', 'M')|B('P', 'M')","A('P', 'P')|B('P', 'P')",1,1,False,True,False,False,False,False,4.32147214776234,4.32147214776234,6.081808382428365,6.081808382428365,6.699618186264662
High,1.0,2.4,0.8,"A('P', 'M')|B('P', 'M')","A('P', 'M')|B('P', 'P');A('P', 'P')|B('P', 'M')",1,2,False,True,False,False,True,False,4.32147214776234,4.32147214776234,5.491924243369431,5.491924243369432,6.699618186264662
High,1.0,2.4,0.85,"A('P', 'M')|B('P', 'M')","A('P', 'M')|B('P', 'P');A('P', 'P')|B('P', 'M')",1,2,False,True,False,False,True,False,4.32147214776234,4.32147214776234,5.491924243369431,5.491924243369432,6.699618186264662
High,1.0,2.4,0.9,"A('P', 'M')|B('P', 'M')","A('P', 'M')|B('P', 'P');A('P', 'P')|B('P', 'M')",1,2,False,True,False,False,True,False,4.32147214776234,4.32147214776234,5.491924243369431,5.491924243369432,6.699618186264662
High,1.0,2.4,0.95,"A('P', 'M')|B('P', 'M')","A('P', 'M')|B('P', 'P');A('P', 'P')|B('P', 'M')",1,2,False,True,False,False,True,False,4.32147214776234,4.32147214776234,5.491924243369431,5.491924243369432,6.699618186264662
High,1.0,2.4,1.0,"A('P', 'M')|B('P', 'M')","A('P', 'M')|B('P', 'M')",1,1,True,False,False,False,False,False,4.32147214776234,4.32147214776234,4.32147214776234,4.32147214776234,6.699618186264662
High,1.0,2.5,0.1,"A('P', 'M')|B('P', 'M')","A('P', 'P')|B('P', 'P')",1,1,False,True,False,False,False,False,4.32147214776234,4.32147214776234,5.981808382428365,5.981808382428365,6.649618186264663
High,1.0,2.5,0.15,"A('P', 'M')|B('P', 'M')","A('P', 'P')|B('P', 'P')",1,1,False,True,False,False,False,False,4.32147214776234,4.32147214776234,5.981808382428365,5.981808382428365,6.649618186264663
High,1.0,2.5,0.2,"A('P', 'M')|B('P', 'M')","A('P', 'P')|B('P', 'P')",1,1,False,True,False,False,False,False,4.32147214776234,4.32147214776234,5.981808382428365,5.981808382428365,6.649618186264663
High,1.0,2.5,0.25,"A('P', 'M')|B('P', 'M')","A('P', 'P')|B('P', 'P')",1,1,False,True,False,False,False,False,4.32147214776234,4.32147214776234,5.981808382428365,5.981808382428365,6.649618186264663
High,1.0,2.5,0.3,"A('P', 'M')|B('P', 'M')","A('P', 'P')|B('P', 'P')",1,1,False,True,False,False,False,False,4.32147214776234,4.32147214776234,5.981808382428365,5.981808382428365,6.649618186264663
High,1.0,2.5,0.35,"A('P', 'M')|B('P', 'M')","A('P', 'P')|B('P', 'P')",1,1,False,True,False,False,False,False,4.32147214776234,4.32147214776234,5.981808382428365,5.981808382428365,6.649618186264663
High,1.0,2.5,0.4,"A('P', 'M')|B('P', 'M')","A('P', 'P')|B('P', 'P')",1,1,False,True,False,False,False,False,4.32147214776234,4.32147214776234,5.981808382428365,5.981808382428365,6.649618186264663
High,1.0,2.5,0.45,"A('P', 'M')|B('P', 'M')","A('P', 'P')|B('P', 'P')",1,1,False,True,False,False,False,False,4.32147214776234,4.32147214776234,5.981808382428365,5.981808382428365,6.649618186264663
High,1.0,2.5,0.5,"A('P', 'M')|B('P', 'M')","A('P', 'P')|B('P', 'P')",1,1,False,True,False,False,False,False,4.32147214776234,4.32147214776234,5.981808382428365,5.981808382428365,6.649618186264663
High,1.0,2.5,0.55,"A('P', 'M')|B('P', 'M')","A('P', 'P')|B('P', 'P')",1,1,False,True,False,False,False,False,4.32147214776234,4.32147214776234,5.981808382428365,5.981808382428365,6.649618186264663
High,1.0,2.5,0.6,"A('P', 'M')|B('P', 'M')","A('P', 'P')|B('P', 'P')",1,1,False,True,False,False,False,False,4.32147214776234,4.32147214776234,5.981808382428365,5.981808382428365,6.649618186264663
High,1.0,2.5,0.65,"A('P', 'M')|B('P', 'M')","A('P', 'P')|B('P', 'P')",1,1,False,True,False,False,False,False,4.32147214776234,4.32147214776234,5.981808382428365,5.981808382428365,6.649618186264663
High,1.0,2.5,0.7,"A('P', 'M')|B('P', 'M')","A('P', 'P')|B('P', 'P')",1,1,False,True,False,False,False,False,4.32147214776234,4.32147214776234,5.981808382428365,5.981808382428365,6.649618186264663
High,1.0,2.5,0.75,"A('P', 'M')|B('P', 'M')","A('P', 'P')|B('P', 'P')",1,1,False,True,False,False,False,False,4.32147214776234,4.32147214776234,5.981808382428365,5.981808382428365,6.649618186264663
High,1.0,2.5,0.8,"A('P', 'M')|B('P', 'M')","A('P', 'M')|B('P', 'P');A('P', 'P')|B('P', 'M')",1,2,False,True,False,False,True,False,4.32147214776234,4.32147214776234,5.4419242433694315,5.4419242433694315,6.649618186264663
High,1.0,2.5,0.85,"A('P', 'M')|B('P', 'M')","A('P', 'M')|B('P', 'P');A('P', 'P')|B('P', 'M')",1,2,False,True,False,False,True,False,4.32147214776234,4.32147214776234,5.4419242433694315,5.4419242433694315,6.649618186264663
High,1.0,2.5,0.9,"A('P', 'M')|B('P', 'M')","A('P', 'M')|B('P', 'P');A('P', 'P')|B('P', 'M')",1,2,False,True,False,False,True,False,4.32147214776234,4.32147214776234,5.4419242433694315,5.4419242433694315,6.649618186264663
High,1.0,2.5,0.95,"A('P', 'M')|B('P', 'M')","A('P', 'M')|B('P', 'M')",1,1,True,False,False,False,False,False,4.32147214776234,4.32147214776234,4.32147214776234,4.32147214776234,6.649618186264663
High,1.0,2.5,1.0,"A('P', 'M')|B('P', 'M')","A('P', 'M')|B('P', 'M')",1,1,True,False,False,False,False,False,4.32147214776234,4.32147214776234,4.32147214776234,4.32147214776234,6.649618186264663
High,1.0,2.6,0.1,"A('P', 'M')|B('P', 'M')","A('P', 'P')|B('P', 'P')",1,1,False,True,False,False,False,False,4.32147214776234,4.32147214776234,5.881808382428366,5.881808382428366,6.599618186264662
High,1.0,2.6,0.15,"A('P', 'M')|B('P', 'M')","A('P', 'P')|B('P', 'P')",1,1,False,True,False,False,False,False,4.32147214776234,4.32147214776234,5.881808382428366,5.881808382428366,6.599618186264662
High,1.0,2.6,0.2,"A('P', 'M')|B('P', 'M')","A('P', 'P')|B('P', 'P')",1,1,False,True,False,False,False,False,4.32147214776234,4.32147214776234,5.881808382428366,5.881808382428366,6.599618186264662
High,1.0,2.6,0.25,"A('P', 'M')|B('P', 'M')","A('P', 'P')|B('P', 'P')",1,1,False,True,False,False,False,False,4.32147214776234,4.32147214776234,5.881808382428366,5.881808382428366,6.599618186264662
High,1.0,2.6,0.3,"A('P', 'M')|B('P', 'M')","A('P', 'P')|B('P', 'P')",1,1,False,True,False,False,False,False,4.32147214776234,4.32147214776234,5.881808382428366,5.881808382428366,6.599618186264662
High,1.0,2.6,0.35,"A('P', 'M')|B('P', 'M')","A('P', 'P')|B('P', 'P')",1,1,False,True,False,False,False,False,4.32147214776234,4.32147214776234,5.881808382428366,5.881808382428366,6.599618186264662
High,1.0,2.6,0.4,"A('P', 'M')|B('P', 'M')","A('P', 'P')|B('P', 'P')",1,1,False,True,False,False,False,False,4.32147214776234,4.32147214776234,5.881808382428366,5.881808382428366,6.599618186264662
High,1.0,2.6,0.45,"A('P', 'M')|B('P', 'M')","A('P', 'P')|B('P', 'P')",1,1,False,True,False,False,False,False,4.32147214776234,4.32147214776234,5.881808382428366,5.881808382428366,6.599618186264662
High,1.0,2.6,0.5,"A('P', 'M')|B('P', 'M')","A('P', 'P')|B('P', 'P')",1,1,False,True,False,False,False,False,4.32147214776234,4.32147214776234,5.881808382428366,5.881808382428366,6.599618186264662
High,1.0,2.6,0.55,"A('P', 'M')|B('P', 'M')","A('P', 'P')|B('P', 'P')",1,1,False,True,False,False,False,False,4.32147214776234,4.32147214776234,5.881808382428366,5.881808382428366,6.599618186264662
High,1.0,2.6,0.6,"A('P', 'M')|B('P', 'M')","A('P', 'P')|B('P', 'P')",1,1,False,True,False,False,False,False,4.32147214776234,4.32147214776234,5.881808382428366,5.881808382428366,6.599618186264662
High,1.0,2.6,0.65,"A('P', 'M')|B('P', 'M')","A('P', 'P')|B('P', 'P')",1,1,False,True,False,False,False,False,4.32147214776234,4.32147214776234,5.881808382428366,5.881808382428366,6.599618186264662
High,1.0,2.6,0.7,"A('P', 'M')|B('P', 'M')","A('P', 'P')|B('P', 'P')",1,1,False,True,False,False,False,False,4.32147214776234,4.32147214776234,5.881808382428366,5.881808382428366,6.599618186264662
High,1.0,2.6,0.75,"A('P', 'M')|B('P', 'M')","A('P', 'M')|B('P', 'P');A('P', 'P')|B('P', 'M')",1,2,False,True,False,False,True,False,4.32147214776234,4.32147214776234,5.3919242433694325,5.3919242433694325,6.599618186264662
High,1.0,2.6,0.8,"A('P', 'M')|B('P', 'M')","A('P', 'M')|B('P', 'P');A('P', 'P')|B('P', 'M')",1,2,False,True,False,False,True,False,4.32147214776234,4.32147214776234,5.3919242433694325,5.3919242433694325,6.599618186264662
High,1.0,2.6,0.85,"A('P', 'M')|B('P', 'M')","A('P', 'M')|B('P', 'M')",1,1,True,False,False,False,False,False,4.32147214776234,4.32147214776234,4.32147214776234,4.32147214776234,6.599618186264662
High,1.0,2.6,0.9,"A('P', 'M')|B('P', 'M')","A('P', 'M')|B('P', 'M')",1,1,True,False,False,False,False,False,4.32147214776234,4.32147214776234,4.32147214776234,4.32147214776234,6.599618186264662
High,1.0,2.6,0.95,"A('P', 'M')|B('P', 'M')","A('P', 'M')|B('P', 'M')",1,1,True,False,False,False,False,False,4.32147214776234,4.32147214776234,4.32147214776234,4.32147214776234,6.599618186264662
High,1.0,2.6,1.0,"A('P', 'M')|B('P', 'M')","A('P', 'M')|B('P', 'M')",1,1,True,False,False,False,False,False,4.32147214776234,4.32147214776234,4.32147214776234,4.32147214776234,6.599618186264662
High,1.0,2.7,0.1,"A('P', 'M')|B('P', 'M')","A('P', 'P')|B('P', 'P')",1,1,False,True,False,False,False,False,4.32147214776234,4.32147214776234,5.781808382428366,5.781808382428366,6.549618186264662
High,1.0,2.7,0.15,"A('P', 'M')|B('P', 'M')","A('P', 'P')|B('P', 'P')",1,1,False,True,False,False,False,False,4.32147214776234,4.32147214776234,5.781808382428366,5.781808382428366,6.549618186264662
High,1.0,2.7,0.2,"A('P', 'M')|B('P', 'M')","A('P', 'P')|B('P', 'P')",1,1,False,True,False,False,False,False,4.32147214776234,4.32147214776234,5.781808382428366,5.781808382428366,6.549618186264662
High,1.0,2.7,0.25,"A('P', 'M')|B('P', 'M')","A('P', 'P')|B('P', 'P')",1,1,False,True,False,False,False,False,4.32147214776234,4.32147214776234,5.781808382428366,5.781808382428366,6.549618186264662
High,1.0,2.7,0.3,"A('P', 'M')|B('P', 'M')","A('P', 'P')|B('P', 'P')",1,1,False,True,False,False,False,False,4.32147214776234,4.32147214776234,5.781808382428366,5.781808382428366,6.549618186264662
High,1.0,2.7,0.35,"A('P', 'M')|B('P', 'M')","A('P', 'P')|B('P', 'P')",1,1,False,True,False,False,False,False,4.32147214776234,4.32147214776234,5.781808382428366,5.781808382428366,6.549618186264662
High,1.0,2.7,0.4,"A('P', 'M')|B('P', 'M')","A('P', 'P')|B('P', 'P')",1,1,False,True,False,False,False,False,4.32147214776234,4.32147214776234,5.781808382428366,5.781808382428366,6.549618186264662
High,1.0,2.7,0.45,"A('P', 'M')|B('P', 'M')","A('P', 'P')|B('P', 'P')",1,1,False,True,False,False,False,False,4.32147214776234,4.32147214776234,5.781808382428366,5.781808382428366,6.549618186264662
High,1.0,2.7,0.5,"A('P', 'M')|B('P', 'M')","A('P', 'P')|B('P', 'P')",1,1,False,True,False,False,False,False,4.32147214776234,4.32147214776234,5.781808382428366,5.781808382428366,6.549618186264662
High,1.0,2.7,0.55,"A('P', 'M')|B('P', 'M')","A('P', 'P')|B('P', 'P')",1,1,False,True,False,False,False,False,4.32147214776234,4.32147214776234,5.781808382428366,5.781808382428366,6.549618186264662
High,1.0,2.7,0.6,"A('P', 'M')|B('P', 'M')","A('P', 'P')|B('P', 'P')",1,1,False,True,False,False,False,False,4.32147214776234,4.32147214776234,5.781808382428366,5.781808382428366,6.549618186264662
High,1.0,2.7,0.65,"A('P', 'M')|B('P', 'M')","A('P', 'P')|B('P', 'P')",1,1,False,True,False,False,False,False,4.32147214776234,4.32147214776234,5.781808382428366,5.781808382428366,6.549618186264662
High,1.0,2.7,0.7,"A('P', 'M')|B('P', 'M')","A('P', 'M')|B('P', 'P');A('P', 'P')|B('P', 'M')",1,2,False,True,False,False,True,False,4.32147214776234,4.32147214776234,5.341924243369432,5.341924243369432,6.549618186264662
High,1.0,2.7,0.75,"A('P', 'M')|B('P', 'M')","A('P', 'M')|B('P', 'P');A('P', 'P')|B('P', 'M')",1,2,False,True,False,False,True,False,4.32147214776234,4.32147214776234,5.341924243369432,5.341924243369432,6.549618186264662
High,1.0,2.7,0.8,"A('P', 'M')|B('P', 'M')","A('P', 'M')|B('P', 'M')",1,1,True,False,False,False,False,False,4.32147214776234,4.32147214776234,4.32147214776234,4.32147214776234,6.549618186264662
High,1.0,2.7,0.85,"A('P', 'M')|B('P', 'M')","A('P', 'M')|B('P', 'M')",1,1,True,False,False,False,False,False,4.32147214776234,4.32147214776234,4.32147214776234,4.32147214776234,6.549618186264662
High,1.0,2.7,0.9,"A('P', 'M')|B('P', 'M')","A('P', 'M')|B('P', 'M')",1,1,True,False,False,False,False,False,4.32147214776234,4.32147214776234,4.32147214776234,4.32147214776234,6.549618186264662
High,1.0,2.7,0.95,"A('P', 'M')|B('P', 'M')","A('P', 'M')|B('P', 'M')",1,1,True,False,False,False,False,False,4.32147214776234,4.32147214776234,4.32147214776234,4.32147214776234,6.549618186264662
High,1.0,2.7,1.0,"A('P', 'M')|B('P', 'M')","A('P', 'M')|B('P', 'M')",1,1,True,False,False,False,False,False,4.32147214776234,4.32147214776234,4.32147214776234,4.32147214776234,6.549618186264662
High,1.0,2.8,0.1,"A('P', 'M')|B('P', 'M')","A('P', 'P')|B('P', 'P')",1,1,False,True,False,False,False,False,4.32147214776234,4.32147214776234,5.681808382428365,5.681808382428365,6.499618186264662
High,1.0,2.8,0.15,"A('P', 'M')|B('P', 'M')","A('P', 'P')|B('P', 'P')",1,1,False,True,False,False,False,False,4.32147214776234,4.32147214776234,5.681808382428365,5.681808382428365,6.499618186264662
High,1.0,2.8,0.2,"A('P', 'M')|B('P', 'M')","A('P', 'P')|B('P', 'P')",1,1,False,True,False,False,False,False,4.32147214776234,4.32147214776234,5.681808382428365,5.681808382428365,6.499618186264662
High,1.0,2.8,0.25,"A('P', 'M')|B('P', 'M')","A('P', 'P')|B('P', 'P')",1,1,False,True,False,False,False,False,4.32147214776234,4.32147214776234,5.681808382428365,5.681808382428365,6.499618186264662
High,1.0,2.8,0.3,"A('P', 'M')|B('P', 'M')","A('P', 'P')|B('P', 'P')",1,1,False,True,False,False,False,False,4.32147214776234,4.32147214776234,5.681808382428365,5.681808382428365,6.499618186264662
High,1.0,2.8,0.35,"A('P', 'M')|B('P', 'M')","A('P', 'P')|B('P', 'P')",1,1,False,True,False,False,False,False,4.32147214776234,4.32147214776234,5.681808382428365,5.681808382428365,6.499618186264662
High,1.0,2.8,0.4,"A('P', 'M')|B('P', 'M')","A('P', 'P')|B('P', 'P')",1,1,False,True,False,False,False,False,4.32147214776234,4.32147214776234,5.681808382428365,5.681808382428365,6.499618186264662
High,1.0,2.8,0.45,"A('P', 'M')|B('P', 'M')","A('P', 'P')|B('P', 'P')",1,1,False,True,False,False,False,False,4.32147214776234,4.32147214776234,5.681808382428365,5.681808382428365,6.499618186264662
High,1.0,2.8,0.5,"A('P', 'M')|B('P', 'M')","A('P', 'P')|B('P', 'P')",1,1,False,True,False,False,False,False,4.32147214776234,4.32147214776234,5.681808382428365,5.681808382428365,6.499618186264662
High,1.0,2.8,0.55,"A('P', 'M')|B('P', 'M')","A('P', 'P')|B('P', 'P')",1,1,False,True,False,False,False,False,4.32147214776234,4.32147214776234,5.681808382428365,5.681808382428365,6.499618186264662
High,1.0,2.8,0.6,"A('P', 'M')|B('P', 'M')","A('P', 'P')|B('P', 'P')",1,1,False,True,False,False,False,False,4.32147214776234,4.32147214776234,5.681808382428365,5.681808382428365,6.499618186264662
High,1.0,2.8,0.65,"A('P', 'M')|B('P', 'M')","A('P', 'P')|B('P', 'P')",1,1,False,True,False,False,False,False,4.32147214776234,4.32147214776234,5.681808382428365,5.681808382428365,6.499618186264662
High,1.0,2.8,0.7,"A('P', 'M')|B('P', 'M')","A('P', 'M')|B('P', 'P');A('P', 'P')|B('P', 'M')",1,2,False,True,False,False,True,False,4.32147214776234,4.32147214776234,5.291924243369431,5.291924243369431,6.499618186264662
High,1.0,2.8,0.75,"A('P', 'M')|B('P', 'M')","A('P', 'M')|B('P', 'M')",1,1,True,False,False,False,False,False,4.32147214776234,4.32147214776234,4.32147214776234,4.32147214776234,6.499618186264662
High,1.0,2.8,0.8,"A('P', 'M')|B('P', 'M')","A('P', 'M')|B('P', 'M')",1,1,True,False,False,False,False,False,4.32147214776234,4.32147214776234,4.32147214776234,4.32147214776234,6.499618186264662
High,1.0,2.8,0.85,"A('P', 'M')|B('P', 'M')","A('P', 'M')|B('P', 'M')",1,1,True,False,False,False,False,False,4.32147214776234,4.32147214776234,4.32147214776234,4.32147214776234,6.499618186264662
High,1.0,2.8,0.9,"A('P', 'M')|B('P', 'M')","A('P', 'M')|B('P', 'M')",1,1,True,False,False,False,False,False,4.32147214776234,4.32147214776234,4.32147214776234,4.32147214776234,6.499618186264662
High,1.0,2.8,0.95,"A('P', 'M')|B('P', 'M')","A('P', 'M')|B('P', 'M')",1,1,True,False,False,False,False,False,4.32147214776234,4.32147214776234,4.32147214776234,4.32147214776234,6.499618186264662
High,1.0,2.8,1.0,"A('P', 'M')|B('P', 'M')","A('P', 'M')|B('P', 'M')",1,1,True,False,False,False,False,False,4.32147214776234,4.32147214776234,4.32147214776234,4.32147214776234,6.499618186264662
High,1.0,2.9,0.1,"A('P', 'M')|B('P', 'M')","A('P', 'P')|B('P', 'P')",1,1,False,True,False,False,False,False,4.32147214776234,4.32147214776234,5.581808382428365,5.581808382428365,6.449618186264662
High,1.0,2.9,0.15,"A('P', 'M')|B('P', 'M')","A('P', 'P')|B('P', 'P')",1,1,False,True,False,False,False,False,4.32147214776234,4.32147214776234,5.581808382428365,5.581808382428365,6.449618186264662
High,1.0,2.9,0.2,"A('P', 'M')|B('P', 'M')","A('P', 'P')|B('P', 'P')",1,1,False,True,False,False,False,False,4.32147214776234,4.32147214776234,5.581808382428365,5.581808382428365,6.449618186264662
High,1.0,2.9,0.25,"A('P', 'M')|B('P', 'M')","A('P', 'P')|B('P', 'P')",1,1,False,True,False,False,False,False,4.32147214776234,4.32147214776234,5.581808382428365,5.581808382428365,6.449618186264662
High,1.0,2.9,0.3,"A('P', 'M')|B('P', 'M')","A('P', 'P')|B('P', 'P')",1,1,False,True,False,False,False,False,4.32147214776234,4.32147214776234,5.581808382428365,5.581808382428365,6.449618186264662
High,1.0,2.9,0.35,"A('P', 'M')|B('P', 'M')","A('P', 'P')|B('P', 'P')",1,1,False,True,False,False,False,False,4.32147214776234,4.32147214776234,5.581808382428365,5.581808382428365,6.449618186264662
High,1.0,2.9,0.4,"A('P', 'M')|B('P', 'M')","A('P', 'P')|B('P', 'P')",1,1,False,True,False,False,False,False,4.32147214776234,4.32147214776234,5.581808382428365,5.581808382428365,6.449618186264662
High,1.0,2.9,0.45,"A('P', 'M')|B('P', 'M')","A('P', 'P')|B('P', 'P')",1,1,False,True,False,False,False,False,4.32147214776234,4.32147214776234,5.581808382428365,5.581808382428365,6.449618186264662
High,1.0,2.9,0.5,"A('P', 'M')|B('P', 'M')","A('P', 'P')|B('P', 'P')",1,1,False,True,False,False,False,False,4.32147214776234,4.32147214776234,5.581808382428365,5.581808382428365,6.449618186264662
High,1.0,2.9,0.55,"A('P', 'M')|B('P', 'M')","A('P', 'P')|B('P', 'P')",1,1,False,True,False,False,False,False,4.32147214776234,4.32147214776234,5.581808382428365,5.581808382428365,6.449618186264662
High,1.0,2.9,0.6,"A('P', 'M')|B('P', 'M')","A('P', 'P')|B('P', 'P')",1,1,False,True,False,False,False,False,4.32147214776234,4.32147214776234,5.581808382428365,5.581808382428365,6.449618186264662
High,1.0,2.9,0.65,"A('P', 'M')|B('P', 'M')","A('P', 'M')|B('P', 'M')",1,1,True,False,False,False,False,False,4.32147214776234,4.32147214776234,4.32147214776234,4.32147214776234,6.449618186264662
High,1.0,2.9,0.7,"A('P', 'M')|B('P', 'M')","A('P', 'M')|B('P', 'M')",1,1,True,False,False,False,False,False,4.32147214776234,4.32147214776234,4.32147214776234,4.32147214776234,6.449618186264662
High,1.0,2.9,0.75,"A('P', 'M')|B('P', 'M')","A('P', 'M')|B('P', 'M')",1,1,True,False,False,False,False,False,4.32147214776234,4.32147214776234,4.32147214776234,4.32147214776234,6.449618186264662
High,1.0,2.9,0.8,"A('P', 'M')|B('P', 'M')","A('P', 'M')|B('P', 'M')",1,1,True,False,False,False,False,False,4.32147214776234,4.32147214776234,4.32147214776234,4.32147214776234,6.449618186264662
High,1.0,2.9,0.85,"A('P', 'M')|B('P', 'M')","A('P', 'M')|B('P', 'M')",1,1,True,False,False,False,False,False,4.32147214776234,4.32147214776234,4.32147214776234,4.32147214776234,6.449618186264662
High,1.0,2.9,0.9,"A('P', 'M')|B('P', 'M')","A('P', 'M')|B('P', 'M')",1,1,True,False,False,False,False,False,4.32147214776234,4.32147214776234,4.32147214776234,4.32147214776234,6.449618186264662
High,1.0,2.9,0.95,"A('P', 'M')|B('P', 'M')","A('P', 'M')|B('P', 'M')",1,1,True,False,False,False,False,False,4.32147214776234,4.32147214776234,4.32147214776234,4.32147214776234,6.449618186264662
High,1.0,2.9,1.0,"A('P', 'M')|B('P', 'M')","A('P', 'M')|B('P', 'M')",1,1,True,False,False,False,False,False,4.32147214776234,4.32147214776234,4.32147214776234,4.32147214776234,6.449618186264662
High,1.0,3.0,0.1,"A('P', 'M')|B('P', 'M')","A('P', 'P')|B('P', 'P')",1,1,False,True,False,False,False,False,4.32147214776234,4.32147214776234,5.481808382428365,5.481808382428365,6.399618186264663
High,1.0,3.0,0.15,"A('P', 'M')|B('P', 'M')","A('P', 'P')|B('P', 'P')",1,1,False,True,False,False,False,False,4.32147214776234,4.32147214776234,5.481808382428365,5.481808382428365,6.399618186264663
High,1.0,3.0,0.2,"A('P', 'M')|B('P', 'M')","A('P', 'P')|B('P', 'P')",1,1,False,True,False,False,False,False,4.32147214776234,4.32147214776234,5.481808382428365,5.481808382428365,6.399618186264663
High,1.0,3.0,0.25,"A('P', 'M')|B('P', 'M')","A('P', 'P')|B('P', 'P')",1,1,False,True,False,False,False,False,4.32147214776234,4.32147214776234,5.481808382428365,5.481808382428365,6.399618186264663
High,1.0,3.0,0.3,"A('P', 'M')|B('P', 'M')","A('P', 'P')|B('P', 'P')",1,1,False,True,False,False,False,False,4.32147214776234,4.32147214776234,5.481808382428365,5.481808382428365,6.399618186264663
High,1.0,3.0,0.35,"A('P', 'M')|B('P', 'M')","A('P', 'P')|B('P', 'P')",1,1,False,True,False,False,False,False,4.32147214776234,4.32147214776234,5.481808382428365,5.481808382428365,6.399618186264663
High,1.0,3.0,0.4,"A('P', 'M')|B('P', 'M')","A('P', 'P')|B('P', 'P')",1,1,False,True,False,False,False,False,4.32147214776234,4.32147214776234,5.481808382428365,5.481808382428365,6.399618186264663
High,1.0,3.0,0.45,"A('P', 'M')|B('P', 'M')","A('P', 'P')|B('P', 'P')",1,1,False,True,False,False,False,False,4.32147214776234,4.32147214776234,5.481808382428365,5.481808382428365,6.399618186264663
High,1.0,3.0,0.5,"A('P', 'M')|B('P', 'M')","A('P', 'P')|B('P', 'P')",1,1,False,True,False,False,False,False,4.32147214776234,4.32147214776234,5.481808382428365,5.481808382428365,6.399618186264663
High,1.0,3.0,0.55,"A('P', 'M')|B('P', 'M')","A('P', 'P')|B('P', 'P')",1,1,False,True,False,False,False,False,4.32147214776234,4.32147214776234,5.481808382428365,5.481808382428365,6.399618186264663
High,1.0,3.0,0.6,"A('P', 'M')|B('P', 'M')","A('P', 'M')|B('P', 'M')",1,1,True,False,False,False,False,False,4.32147214776234,4.32147214776234,4.32147214776234,4.32147214776234,6.399618186264663
High,1.0,3.0,0.65,"A('P', 'M')|B('P', 'M')","A('P', 'M')|B('P', 'M')",1,1,True,False,False,False,False,False,4.32147214776234,4.32147214776234,4.32147214776234,4.32147214776234,6.399618186264663
High,1.0,3.0,0.7,"A('P', 'M')|B('P', 'M')","A('P', 'M')|B('P', 'M')",1,1,True,False,False,False,False,False,4.32147214776234,4.32147214776234,4.32147214776234,4.32147214776234,6.399618186264663
High,1.0,3.0,0.75,"A('P', 'M')|B('P', 'M')","A('P', 'M')|B('P', 'M')",1,1,True,False,False,False,False,False,4.32147214776234,4.32147214776234,4.32147214776234,4.32147214776234,6.399618186264663
High,1.0,3.0,0.8,"A('P', 'M')|B('P', 'M')","A('P', 'M')|B('P', 'M')",1,1,True,False,False,False,False,False,4.32147214776234,4.32147214776234,4.32147214776234,4.32147214776234,6.399618186264663
High,1.0,3.0,0.85,"A('P', 'M')|B('P', 'M')","A('P', 'M')|B('P', 'M')",1,1,True,False,False,False,False,False,4.32147214776234,4.32147214776234,4.32147214776234,4.32147214776234,6.399618186264663
High,1.0,3.0,0.9,"A('P', 'M')|B('P', 'M')","A('P', 'M')|B('P', 'M')",1,1,True,False,False,False,False,False,4.32147214776234,4.32147214776234,4.32147214776234,4.32147214776234,6.399618186264663
High,1.0,3.0,0.95,"A('P', 'M')|B('P', 'M')","A('P', 'M')|B('P', 'M')",1,1,True,False,False,False,False,False,4.32147214776234,4.32147214776234,4.32147214776234,4.32147214776234,6.399618186264663
High,1.0,3.0,1.0,"A('P', 'M')|B('P', 'M')","A('P', 'M')|B('P', 'M')",1,1,True,False,False,False,False,False,4.32147214776234,4.32147214776234,4.32147214776234,4.32147214776234,6.399618186264663
